#
# There is insufficient memory for the Java Runtime Environment to continue.
# Native memory allocation (malloc) failed to allocate 1196288 bytes. Error detail: Chunk::new
# Possible reasons:
#   The system is out of physical RAM or swap space
#   This process is running with CompressedOops enabled, and the Java Heap may be blocking the growth of the native heap
# Possible solutions:
#   Reduce memory load on the system
#   Increase physical memory or swap space
#   Check if swap backing store is full
#   Decrease Java heap size (-Xmx/-Xms)
#   Decrease number of Java threads
#   Decrease Java thread stack sizes (-Xss)
#   Set larger code cache with -XX:ReservedCodeCacheSize=
#   JVM is running with Unscaled Compressed Oops mode in which the Java heap is
#     placed in the first 4GB address space. The Java Heap base address is the
#     maximum limit for the native heap growth. Please use -XX:HeapBaseMinAddress
#     to set the Java Heap base and to place the Java Heap above 4GB virtual address.
# This output file may be truncated or incomplete.
#
#  Out of Memory Error (arena.cpp:168), pid=8528, tid=9264
#
# JRE version: OpenJDK Runtime Environment Temurin-21.0.12.1+1 (21.0.12.1+1) (build 21.0.12.1+1-LTS)
# Java VM: OpenJDK 64-Bit Server VM Temurin-21.0.12.1+1 (21.0.12.1+1-LTS, mixed mode, sharing, tiered, compressed oops, compressed class ptrs, parallel gc, windows-amd64)
# No core dump will be written. Minidumps are not enabled by default on client versions of Windows
#

---------------  S U M M A R Y ------------

Command Line: --add-modules=ALL-SYSTEM --add-opens=java.base/java.util=ALL-UNNAMED --add-opens=java.base/java.lang=ALL-UNNAMED --add-opens=java.base/sun.nio.fs=ALL-UNNAMED -Declipse.application=org.eclipse.jdt.ls.core.id1 -Dosgi.bundles.defaultStartLevel=4 -Declipse.product=org.eclipse.jdt.ls.core.product -Djava.import.generatesMetadataFilesAtProjectRoot=false -Dm2e.project.cache.size=50 -DDetectVMInstallationsJob.disabled=true -Dfile.encoding=utf8 -XX:+UseParallelGC -XX:GCTimeRatio=4 -XX:AdaptiveSizePolicyWeight=90 -Dsun.zip.disableMemoryMapping=true -Xmx2G -Xms100m -Xlog:disable -javaagent:c:\Users\Lenovo\.vscode\extensions\redhat.java-1.56.0-win32-x64\lombok\lombok-1.18.39-4050.jar -XX:+HeapDumpOnOutOfMemoryError -XX:HeapDumpPath=c:\Users\Lenovo\AppData\Roaming\Code\User\workspaceStorage\924dcd68363d28c96455ce80cf54f024\redhat.java -Daether.dependencyCollector.impl=bf c:\Users\Lenovo\.vscode\extensions\redhat.java-1.56.0-win32-x64\server\plugins\org.eclipse.equinox.launcher_1.8.0.v20260804-1928.jar -configuration c:\Users\Lenovo\AppData\Roaming\Code\User\globalStorage\redhat.java\1.56.0\config_win -data c:\Users\Lenovo\AppData\Roaming\Code\User\workspaceStorage\924dcd68363d28c96455ce80cf54f024\redhat.java\jdt_ws --stdio

Host: Intel(R) Core(TM) i5-10210U CPU @ 1.60GHz, 8 cores, 7G,  Windows 11 , 64 bit Build 26100 (10.0.26100.9444)
Time: Sun Sep 20 11:37:01 2026 India Standard Time elapsed time: 139.024280 seconds (0d 0h 2m 19s)

---------------  T H R E A D  ---------------

Current thread (0x000002508f1dc560):  JavaThread "C2 CompilerThread0" daemon [_thread_in_native, id=9264, stack(0x0000008e3e900000,0x0000008e3ea00000) (1024K)]


Current CompileTask:
C2:139024 14202   !   4       java.util.Formatter::format (284 bytes)

Stack: [0x0000008e3e900000,0x0000008e3ea00000]
Native frames: (J=compiled Java code, j=interpreted, Vv=VM code, C=native code)
V  [jvm.dll+0x6d83e9]
V  [jvm.dll+0x8b5736]
V  [jvm.dll+0x8b7cee]
V  [jvm.dll+0x8b83d3]
V  [jvm.dll+0x284596]
V  [jvm.dll+0xc685d]
V  [jvm.dll+0xc6da1]
V  [jvm.dll+0x3bf18b]
V  [jvm.dll+0x38b6d2]
V  [jvm.dll+0x38ab1a]
V  [jvm.dll+0x24c700]
V  [jvm.dll+0x24bce0]
V  [jvm.dll+0x1cb4ae]
V  [jvm.dll+0x25baad]
V  [jvm.dll+0x25a03a]
V  [jvm.dll+0x3f8aae]
V  [jvm.dll+0x8600cd]
V  [jvm.dll+0x6d6c1d]
C  [ucrtbase.dll+0x2cd30]
C  [KERNEL32.DLL+0x2cd87]
C  [ntdll.dll+0xacaec]


---------------  P R O C E S S  ---------------

Threads class SMR info:
_java_thread_list=0x00000250a2c58130, length=593, elements={
0x0000025037639d60, 0x000002508f1bd030, 0x000002508f1c04c0, 0x000002508f1c3630,
0x000002508f1c5340, 0x000002508f1cb530, 0x000002508f1ca180, 0x000002508f1dc560,
0x000002508f1dfe00, 0x000002508f1cc250, 0x000002508f1ca810, 0x000002508f1caea0,
0x000002508f1cbbc0, 0x000002508f1cc8e0, 0x000002508f1c9460, 0x000002508f1c9af0,
0x0000025090a8d2c0, 0x0000025090a8dfe0, 0x0000025090a8cc30, 0x0000025090a8e670,
0x0000025090a8f390, 0x0000025090a8fa20, 0x0000025090a8c5a0, 0x0000025090a90dd0,
0x0000025090a90740, 0x0000025090a92ea0, 0x0000025090a93530, 0x0000025090a92810,
0x0000025090a93bc0, 0x0000025090a91af0, 0x0000025090a92180, 0x00000250950e07e0,
0x00000250950e0e70, 0x00000250950dfac0, 0x00000250950e0150, 0x00000250950de710,
0x00000250950e1b90, 0x00000250950e1500, 0x0000025095a8cfa0, 0x0000025095a8d630,
0x0000025095a8dcc0, 0x0000025095a8e350, 0x0000025095a8e9e0, 0x0000025095a8bbf0,
0x0000025095a8b560, 0x0000025095a8f700, 0x0000025095a90420, 0x0000025095a90ab0,
0x0000025095a8c280, 0x0000025095a92b80, 0x0000025095a8fd90, 0x0000025095a91140,
0x0000025095a91e60, 0x00000250950df430, 0x000002509833e990, 0x000002509833f020,
0x000002509833d5e0, 0x000002509833f6b0, 0x000002509833cf50, 0x000002509833dc70,
0x000002509833c230, 0x000002509833fd40, 0x000002509833c8c0, 0x00000250983403d0,
0x00000250983410f0, 0x0000025098341780, 0x000002509833e300, 0x00000250983424a0,
0x0000025098343850, 0x0000025098340a60, 0x0000025098341e10, 0x00000250983431c0,
0x0000025095a924f0, 0x00000250961f8350, 0x00000250961f4ed0, 0x00000250961f6910,
0x00000250961f6280, 0x00000250961f6fa0, 0x00000250961f5560, 0x00000250961f7cc0,
0x00000250961f5bf0, 0x00000250961f9700, 0x00000250961f9d90, 0x00000250961fa420,
0x00000250961fb7d0, 0x00000250961fbe60, 0x00000250961fc4f0, 0x00000250961f9070,
0x0000025098342b30, 0x00000250952d5f40, 0x00000250952d65d0, 0x00000250952d5220,
0x00000250952d4500, 0x00000250952d58b0, 0x00000250952d4b90, 0x00000250952d72f0,
0x00000250952d6c60, 0x00000250952da770, 0x00000250952d93c0, 0x00000250952d3e70,
0x00000250952dae00, 0x00000250952d9a50, 0x00000250952d86a0, 0x00000250952da0e0,
0x00000250952d8d30, 0x00000250952db490, 0x00000250952d7980, 0x00000250961fb140,
0x00000250952d8010, 0x000002509927e4a0, 0x000002509927f1c0, 0x000002509927f850,
0x000002509927eb30, 0x000002509927fee0, 0x000002509927de10, 0x000002509927d780,
0x0000025099280570, 0x0000025097065e80, 0x00000250970685e0, 0x0000025097067f50,
0x0000025097068c70, 0x0000025097069990, 0x000002509706a020, 0x0000025097067230,
0x000002509706a6b0, 0x000002509706ad40, 0x00000250970678c0, 0x000002509706d4a0,
0x000002509706b3d0, 0x000002509706c0f0, 0x000002509706ba60, 0x000002509706c780,
0x000002509706ce10, 0x0000025097069300, 0x0000025090b75b60, 0x0000025090b74120,
0x0000025090b72d70, 0x0000025090b73a90, 0x0000025090b754d0, 0x0000025090b72050,
0x0000025090b761f0, 0x0000025090b726e0, 0x0000025090b76880, 0x0000025090b76f10,
0x0000025090b747b0, 0x0000025090b73400, 0x0000025090b77c30, 0x0000025090b74e40,
0x0000025090b79670, 0x0000025090b775a0, 0x000002509927d0f0, 0x0000025090b78fe0,
0x0000025099176bd0, 0x0000025099175eb0, 0x0000025099174470, 0x0000025099173de0,
0x0000025099175820, 0x0000025099176540, 0x0000025099174b00, 0x0000025099178610,
0x0000025099178ca0, 0x0000025099177260, 0x0000025099177f80, 0x00000250991799c0,
0x0000025099179330, 0x000002509917a050, 0x000002509917db60, 0x0000025099175190,
0x00000250991778f0, 0x000002509917d4d0, 0x000002509917c120, 0x000002509917c7b0,
0x000002509917e1f0, 0x000002509917ba90, 0x000002509917ad70, 0x000002509917b400,
0x000002509917f5a0, 0x000002509917ce40, 0x00000250991802c0, 0x000002509917fc30,
0x0000025099180fe0, 0x000002509917e880, 0x0000025099181670, 0x000002509917a6e0,
0x0000025099182390, 0x00000250991830b0, 0x000002509917ef10, 0x0000025099181d00,
0x0000025099182a20, 0x0000025099180950, 0x000002509566ca80, 0x000002509566b6d0,
0x000002509566c3f0, 0x000002509566bd60, 0x0000025095669c90, 0x000002509566d7a0,
0x000002509566a320, 0x000002509566a9b0, 0x000002509566d110, 0x0000025095670590,
0x0000025095670c20, 0x00000250956712b0, 0x000002509566b040, 0x0000025095671940,
0x000002509566e4c0, 0x0000025095672660, 0x000002509566eb50, 0x000002509566ff00,
0x000002509566de30, 0x0000025095671fd0, 0x000002509566f1e0, 0x000002509566f870,
0x0000025095673a10, 0x0000025095674730, 0x00000250956740a0, 0x0000025095674dc0,
0x0000025095676170, 0x0000025095675ae0, 0x0000025095676800, 0x0000025095672cf0,
0x0000025095678f60, 0x0000025095673380, 0x0000025095677bb0, 0x00000250956788d0,
0x0000025095675450, 0x0000025090b782c0, 0x0000025097066510, 0x0000025099998f00,
0x000002509999afd0, 0x0000025099999590, 0x000002509999a940, 0x000002509999b660,
0x000002509999bcf0, 0x000002509999a2b0, 0x0000025099999c20, 0x00000250999981e0,
0x000002509999eae0, 0x0000025099997b50, 0x000002509999ddc0, 0x000002509999f800,
0x000002509999e450, 0x000002509999c380, 0x000002509999f170, 0x00000250999a0520,
0x000002509999d0a0, 0x00000250999a4030, 0x00000250999a1240, 0x00000250999a2c80,
0x00000250999a18d0, 0x00000250999a0bb0, 0x00000250999a6790, 0x00000250999a4d50,
0x00000250999a6e20, 0x00000250999a5a70, 0x00000250999a53e0, 0x0000025095677520,
0x0000025095678240, 0x00000250977ad820, 0x00000250977ae540, 0x00000250977acb00,
0x00000250977adeb0, 0x00000250977aebd0, 0x00000250977ab750, 0x00000250977af260,
0x00000250977abde0, 0x00000250977af8f0, 0x00000250977b2d70, 0x00000250977b2050,
0x00000250977b19c0, 0x00000250977b26e0, 0x00000250977b3400, 0x00000250977aff80,
0x00000250977b3a90, 0x00000250977b1330, 0x00000250977b0610, 0x00000250977b4120,
0x00000250977b0ca0, 0x00000250977b6880, 0x00000250977b54d0, 0x00000250977b7c30,
0x00000250977b47b0, 0x00000250977b75a0, 0x00000250977b4e40, 0x00000250977b8950,
0x00000250977b8fe0, 0x00000250977b9670, 0x00000250977b61f0, 0x00000250977b9d00,
0x000002509501d2c0, 0x000002509501b1f0, 0x000002509501d950, 0x000002509501c5a0,
0x000002509501ab60, 0x000002509501bf10, 0x000002509501ed00, 0x000002509501cc30,
0x000002509501e670, 0x0000025095001b10, 0x0000025095000df0, 0x00000250950021a0,
0x0000025095002ec0, 0x00000250950000d0, 0x0000025095003550, 0x0000025095003be0,
0x0000025095000760, 0x0000025095006340, 0x0000025095004f90, 0x00000250950069d0,
0x0000025095007060, 0x00000250950076f0, 0x0000025095004270, 0x0000025095004900,
0x0000025095008410, 0x0000025095005620, 0x0000025095009130, 0x0000025095005cb0,
0x000002509500ab70, 0x000002509500b200, 0x0000025095007d80, 0x000002509500bf20,
0x000002509500b890, 0x0000025095008aa0, 0x00000250950097c0, 0x000002509500d2d0,
0x000002509500cc40, 0x000002509500c5b0, 0x0000025095009e50, 0x000002509500d960,
0x000002509500a4e0, 0x0000025095010de0, 0x0000025095011470, 0x00000250950100c0,
0x0000025095011b00, 0x0000025095010750, 0x000002509500e680, 0x0000025095012820,
0x000002509500f3a0, 0x0000025095012eb0, 0x0000025095014f80, 0x0000025095014260,
0x0000025095017050, 0x00000250950176e0, 0x0000025095016330, 0x00000250950169c0,
0x0000025095015ca0, 0x0000025095017d70, 0x0000025095018a90, 0x0000025095018400,
0x0000025095015610, 0x00000250977ba390, 0x000002509999d730, 0x00000250997b37b0,
0x00000250997b2a90, 0x00000250997b2400, 0x00000250997b1050, 0x00000250997b3e40,
0x00000250997b4b60, 0x00000250997b16e0, 0x00000250997b51f0, 0x00000250997b1d70,
0x00000250997b8d00, 0x00000250997b7950, 0x00000250997b5880, 0x00000250997b72c0,
0x00000250997b9390, 0x00000250997b7fe0, 0x00000250997b65a0, 0x00000250997b6c30,
0x00000250997b8670, 0x00000250997b5f10, 0x00000250997bcea0, 0x00000250997bbaf0,
0x00000250997b9a20, 0x00000250997bd530, 0x00000250997ba0b0, 0x00000250997bdbc0,
0x00000250997be250, 0x00000250997bb460, 0x00000250997bef70, 0x00000250997c1040,
0x00000250997c09b0, 0x00000250997c16d0, 0x00000250997c0320, 0x00000250997bf600,
0x00000250997c2a80, 0x00000250997c1d60, 0x00000250997c5870, 0x00000250997c51e0,
0x00000250997bfc90, 0x00000250997c6590, 0x00000250997c6c20, 0x00000250997c4b50,
0x00000250997c44c0, 0x00000250997c3110, 0x00000250997c37a0, 0x00000250997c72b0,
0x00000250997c3e30, 0x00000250997c7940, 0x00000250997c5f00, 0x00000250997cadc0,
0x00000250997c8660, 0x00000250997c8cf0, 0x00000250997c7fd0, 0x00000250997ce8d0,
0x00000250997ca0a0, 0x00000250997ca730, 0x00000250997cdbb0, 0x00000250997ce240,
0x00000250997cef60, 0x00000250997cbae0, 0x00000250997cce90, 0x00000250997cc800,
0x00000250997cd520, 0x00000250997cf5f0, 0x00000250997cb450, 0x00000250997cfc80,
0x000002509501f390, 0x0000025095001480, 0x0000025095002830, 0x00000250997d0310,
0x00000250a3724360, 0x00000250a3723cd0, 0x00000250a3722fb0, 0x00000250a3723640,
0x00000250a3720ee0, 0x00000250a3722920, 0x00000250a37249f0, 0x00000250a3725080,
0x00000250a3721c00, 0x00000250a3721570, 0x00000250a3725710, 0x00000250a3728500,
0x00000250a3722290, 0x00000250a3726ac0, 0x00000250a3728b90, 0x00000250a3725da0,
0x00000250a37298b0, 0x00000250a3729f40, 0x00000250a3727e70, 0x00000250a3726430,
0x00000250a372a5d0, 0x00000250a372c010, 0x00000250a372c6a0, 0x00000250a372cd30,
0x00000250a372b2f0, 0x00000250a3727150, 0x00000250a372b980, 0x00000250a372e0e0,
0x00000250a372ac60, 0x00000250a372d3c0, 0x00000250a3731560, 0x00000250a372da50,
0x00000250a3730ed0, 0x00000250a372f490, 0x00000250a3731bf0, 0x00000250a372fb20,
0x00000250a372e770, 0x00000250a37301b0, 0x00000250a372ee00, 0x00000250a3732280,
0x00000250a3734350, 0x00000250a3733630, 0x00000250a3733cc0, 0x00000250a37349e0,
0x00000250a3732fa0, 0x00000250a3730840, 0x00000250a3735070, 0x00000250a3732910,
0x00000250a3736ab0, 0x00000250a3735d90, 0x00000250a3736420, 0x00000250a3739f30,
0x00000250a37377d0, 0x00000250a373a5c0, 0x00000250a3737e60, 0x00000250a373ac50,
0x00000250a373b2e0, 0x00000250a373d3b0, 0x00000250a37398a0, 0x00000250a373e0d0,
0x00000250a3735700, 0x00000250a3738b80, 0x00000250997c9380, 0x00000250997cc170,
0x00000250997c9a10, 0x00000250991878e0, 0x0000025099185ea0, 0x0000025099185180,
0x000002509918a6d0, 0x000002509918ad60, 0x000002509918b3f0, 0x0000025099187250,
0x00000250991899b0, 0x0000025099189320, 0x000002509918ef00, 0x000002509918e870,
0x000002509918ce30, 0x000002509918ba80, 0x000002509918a040, 0x000002509918c110,
0x000002509918fc20, 0x000002509918db50, 0x000002509918f590, 0x000002509918e1e0,
0x0000025099186530, 0x000002509918c7a0, 0x0000025099192380, 0x0000025099191cf0,
0x0000025099193730, 0x0000025099193dc0, 0x00000250991902b0, 0x0000025099190940,
0x0000025099190fd0, 0x0000025099191660, 0x0000025099197240, 0x0000025099194ae0,
0x00000250991978d0, 0x0000025099195e90, 0x0000025099197f60, 0x0000025099195170,
0x0000025099196520, 0x0000025099198c80, 0x0000025099199310, 0x00000250991999a0,
0x0000025099196bb0, 0x0000025099195800, 0x0000025099194450, 0x00000250991930a0,
0x000002509919c790, 0x000002509919e860, 0x000002509919eef0, 0x000002509919e1d0,
0x00000250991a0fc0, 0x00000250991a0930, 0x00000250a373cd20, 0x00000250995cf400,
0x00000250995cc610, 0x00000250995ccca0, 0x00000250995cbf80, 0x00000250995d0120,
0x00000250995cd330, 0x00000250995cfa90, 0x00000250995ced70, 0x00000250995d21f0,
0x00000250995d2880, 0x00000250995d07b0, 0x00000250995d0e40, 0x00000250995cd9c0,
0x00000250995d2f10, 0x00000250995d3c30, 0x00000250995d4950, 0x00000250995d35a0,
0x00000250995d14d0, 0x00000250995d4fe0, 0x00000250995d1b60, 0x00000250995d5d00,
0x00000250995d7dd0, 0x00000250995d8460, 0x00000250995d8af0, 0x00000250995ce6e0,
0x00000250995d5670, 0x00000250995d9180, 0x00000250995d9810, 0x00000250995d6a20,
0x00000250995d70b0, 0x00000250995dabc0, 0x00000250995dbf70, 0x00000250995d9ea0,
0x00000250995d7740, 0x00000250995dc600, 0x00000250995dd320, 0x00000250995dd9b0,
0x00000250995db250, 0x00000250995db8e0, 0x00000250995dcc90, 0x00000250995da530,
0x00000250995dfa80, 0x00000250995e14c0, 0x00000250995e0e30, 0x00000250995ded60,
0x00000250995e07a0, 0x00000250995de6d0, 0x00000250995e21e0, 0x00000250995e2f00,
0x00000250995de040, 0x00000250995e3590, 0x00000250995e0110, 0x00000250995e42b0,
0x00000250995e2870, 0x00000250995e4fd0, 0x00000250995d42c0, 0x00000250995e1b50,
0x00000250995e3c20
}

Java Threads: ( => current thread )
  0x0000025037639d60 JavaThread "main"                              [_thread_blocked, id=5664, stack(0x0000008e3df00000,0x0000008e3e000000) (1024K)]
  0x000002508f1bd030 JavaThread "Reference Handler"          daemon [_thread_blocked, id=7540, stack(0x0000008e3e300000,0x0000008e3e400000) (1024K)]
  0x000002508f1c04c0 JavaThread "Finalizer"                  daemon [_thread_blocked, id=1852, stack(0x0000008e3e400000,0x0000008e3e500000) (1024K)]
  0x000002508f1c3630 JavaThread "Signal Dispatcher"          daemon [_thread_blocked, id=7912, stack(0x0000008e3e500000,0x0000008e3e600000) (1024K)]
  0x000002508f1c5340 JavaThread "Attach Listener"            daemon [_thread_blocked, id=10584, stack(0x0000008e3e600000,0x0000008e3e700000) (1024K)]
  0x000002508f1cb530 JavaThread "Service Thread"             daemon [_thread_blocked, id=4316, stack(0x0000008e3e700000,0x0000008e3e800000) (1024K)]
  0x000002508f1ca180 JavaThread "Monitor Deflation Thread"   daemon [_thread_blocked, id=12876, stack(0x0000008e3e800000,0x0000008e3e900000) (1024K)]
=>0x000002508f1dc560 JavaThread "C2 CompilerThread0"         daemon [_thread_in_native, id=9264, stack(0x0000008e3e900000,0x0000008e3ea00000) (1024K)]
  0x000002508f1dfe00 JavaThread "C1 CompilerThread0"         daemon [_thread_blocked, id=7016, stack(0x0000008e3ea00000,0x0000008e3eb00000) (1024K)]
  0x000002508f1cc250 JavaThread "Common-Cleaner"             daemon [_thread_blocked, id=4712, stack(0x0000008e3eb00000,0x0000008e3ec00000) (1024K)]
  0x000002508f1ca810 JavaThread "Notification Thread"        daemon [_thread_blocked, id=12512, stack(0x0000008e3ed00000,0x0000008e3ee00000) (1024K)]
  0x000002508f1caea0 JavaThread "Active Thread: Equinox Container: 5cf08dff-3c20-4d3c-9f4d-7e2796dfb0fb"        [_thread_blocked, id=7024, stack(0x0000008e3f400000,0x0000008e3f500000) (1024K)]
  0x000002508f1cbbc0 JavaThread "Refresh Thread: Equinox Container: 5cf08dff-3c20-4d3c-9f4d-7e2796dfb0fb" daemon [_thread_blocked, id=6492, stack(0x0000008e3f600000,0x0000008e3f700000) (1024K)]
  0x000002508f1cc8e0 JavaThread "Framework Event Dispatcher: Equinox Container: 5cf08dff-3c20-4d3c-9f4d-7e2796dfb0fb" daemon [_thread_blocked, id=6720, stack(0x0000008e3f700000,0x0000008e3f800000) (1024K)]
  0x000002508f1c9460 JavaThread "Start Level: Equinox Container: 5cf08dff-3c20-4d3c-9f4d-7e2796dfb0fb" daemon [_thread_blocked, id=7684, stack(0x0000008e3f800000,0x0000008e3f900000) (1024K)]
  0x000002508f1c9af0 JavaThread "Bundle File Closer"         daemon [_thread_blocked, id=14612, stack(0x0000008e3f900000,0x0000008e3fa00000) (1024K)]
  0x0000025090a8d2c0 JavaThread "SCR Component Actor"        daemon [_thread_blocked, id=3816, stack(0x0000008e3ec00000,0x0000008e3ed00000) (1024K)]
  0x0000025090a8dfe0 JavaThread "Worker-JM"                         [_thread_blocked, id=7376, stack(0x0000008e3fa00000,0x0000008e3fb00000) (1024K)]
  0x0000025090a8cc30 JavaThread "JNA Cleaner"                daemon [_thread_blocked, id=15008, stack(0x0000008e3fb00000,0x0000008e3fc00000) (1024K)]
  0x0000025090a8e670 JavaThread "Worker-0: Initialize workspace"        [_thread_blocked, id=9804, stack(0x0000008e3fc00000,0x0000008e3fd00000) (1024K)]
  0x0000025090a8f390 JavaThread "Worker-1: Initialize workspace"        [_thread_blocked, id=5652, stack(0x0000008e3fd00000,0x0000008e3fe00000) (1024K)]
  0x0000025090a8fa20 JavaThread "Worker-2: Initialize workspace"        [_thread_blocked, id=6888, stack(0x0000008e3fe00000,0x0000008e3ff00000) (1024K)]
  0x0000025090a8c5a0 JavaThread "Worker-3: Initialize workspace"        [_thread_blocked, id=10332, stack(0x0000008e3ff00000,0x0000008e40000000) (1024K)]
  0x0000025090a90dd0 JavaThread "Java indexing"              daemon [_thread_blocked, id=11128, stack(0x0000008e40000000,0x0000008e40100000) (1024K)]
  0x0000025090a90740 JavaThread "Worker-4: Initialize workspace"        [_thread_blocked, id=4352, stack(0x0000008e40300000,0x0000008e40400000) (1024K)]
  0x0000025090a92ea0 JavaThread "Worker-5: Initialize workspace"        [_thread_blocked, id=11556, stack(0x0000008e40400000,0x0000008e40500000) (1024K)]
  0x0000025090a93530 JavaThread "pool-2-thread-1"                   [_thread_blocked, id=13144, stack(0x0000008e40500000,0x0000008e40600000) (1024K)]
  0x0000025090a92810 JavaThread "WorkspaceEventsHandler"            [_thread_blocked, id=2368, stack(0x0000008e40600000,0x0000008e40700000) (1024K)]
  0x0000025090a93bc0 JavaThread "pool-1-thread-1"                   [_thread_blocked, id=1736, stack(0x0000008e40700000,0x0000008e40800000) (1024K)]
  0x0000025090a91af0 JavaThread "PatternSearchJob-worker-1"  daemon [_thread_blocked, id=13508, stack(0x0000008e40800000,0x0000008e40900000) (1024K)]
  0x0000025090a92180 JavaThread "PatternSearchJob-worker-2"  daemon [_thread_blocked, id=9536, stack(0x0000008e40900000,0x0000008e40a00000) (1024K)]
  0x00000250950e07e0 JavaThread "PatternSearchJob-worker-3"  daemon [_thread_blocked, id=13008, stack(0x0000008e40a00000,0x0000008e40b00000) (1024K)]
  0x00000250950e0e70 JavaThread "PatternSearchJob-worker-4"  daemon [_thread_blocked, id=6648, stack(0x0000008e40b00000,0x0000008e40c00000) (1024K)]
  0x00000250950dfac0 JavaThread "PatternSearchJob-worker-5"  daemon [_thread_blocked, id=1188, stack(0x0000008e40c00000,0x0000008e40d00000) (1024K)]
  0x00000250950e0150 JavaThread "PatternSearchJob-worker-6"  daemon [_thread_blocked, id=14944, stack(0x0000008e40d00000,0x0000008e40e00000) (1024K)]
  0x00000250950de710 JavaThread "PatternSearchJob-worker-7"  daemon [_thread_blocked, id=13848, stack(0x0000008e40e00000,0x0000008e40f00000) (1024K)]
  0x00000250950e1b90 JavaThread "Timer-0"                           [_thread_blocked, id=6228, stack(0x0000008e41000000,0x0000008e41100000) (1024K)]
  0x00000250950e1500 JavaThread "Timer-1"                           [_thread_blocked, id=5844, stack(0x0000008e41100000,0x0000008e41200000) (1024K)]
  0x0000025095a8cfa0 JavaThread "Timer-2"                           [_thread_blocked, id=14724, stack(0x0000008e41200000,0x0000008e41300000) (1024K)]
  0x0000025095a8d630 JavaThread "Timer-3"                           [_thread_blocked, id=1172, stack(0x0000008e41300000,0x0000008e41400000) (1024K)]
  0x0000025095a8dcc0 JavaThread "Timer-4"                           [_thread_blocked, id=11748, stack(0x0000008e41400000,0x0000008e41500000) (1024K)]
  0x0000025095a8e350 JavaThread "Worker-6: Initialize workspace"        [_thread_blocked, id=6316, stack(0x0000008e41500000,0x0000008e41600000) (1024K)]
  0x0000025095a8e9e0 JavaThread "Timer-5"                           [_thread_blocked, id=8032, stack(0x0000008e41600000,0x0000008e41700000) (1024K)]
  0x0000025095a8bbf0 JavaThread "Worker-7: Initialize workspace"        [_thread_blocked, id=6536, stack(0x0000008e41700000,0x0000008e41800000) (1024K)]
  0x0000025095a8b560 JavaThread "Worker-8: Initialize workspace"        [_thread_blocked, id=8052, stack(0x0000008e40f00000,0x0000008e41000000) (1024K)]
  0x0000025095a8f700 JavaThread "Timer-6"                           [_thread_blocked, id=4868, stack(0x0000008e41900000,0x0000008e41a00000) (1024K)]
  0x0000025095a90420 JavaThread "Timer-7"                           [_thread_blocked, id=9888, stack(0x0000008e41a00000,0x0000008e41b00000) (1024K)]
  0x0000025095a90ab0 JavaThread "Worker-9: Initialize workspace"        [_thread_blocked, id=10668, stack(0x0000008e41b00000,0x0000008e41c00000) (1024K)]
  0x0000025095a8c280 JavaThread "Worker-10: Initialize workspace"        [_thread_blocked, id=12240, stack(0x0000008e41800000,0x0000008e41900000) (1024K)]
  0x0000025095a92b80 JavaThread "Timer-8"                           [_thread_blocked, id=9744, stack(0x0000008e41d00000,0x0000008e41e00000) (1024K)]
  0x0000025095a8fd90 JavaThread "Timer-9"                           [_thread_blocked, id=14360, stack(0x0000008e41e00000,0x0000008e41f00000) (1024K)]
  0x0000025095a91140 JavaThread "Worker-11: Initialize workspace"        [_thread_blocked, id=4304, stack(0x0000008e41f00000,0x0000008e42000000) (1024K)]
  0x0000025095a91e60 JavaThread "Worker-12: Initialize workspace"        [_thread_blocked, id=5080, stack(0x0000008e41c00000,0x0000008e41d00000) (1024K)]
  0x00000250950df430 JavaThread "Timer-10"                          [_thread_blocked, id=1056, stack(0x0000008e42100000,0x0000008e42200000) (1024K)]
  0x000002509833e990 JavaThread "Timer-11"                          [_thread_blocked, id=3592, stack(0x0000008e42200000,0x0000008e42300000) (1024K)]
  0x000002509833f020 JavaThread "Worker-13: Initialize workspace"        [_thread_blocked, id=2416, stack(0x0000008e42300000,0x0000008e42400000) (1024K)]
  0x000002509833d5e0 JavaThread "Worker-14: Initialize workspace"        [_thread_blocked, id=10496, stack(0x0000008e42000000,0x0000008e42100000) (1024K)]
  0x000002509833f6b0 JavaThread "Timer-12"                          [_thread_blocked, id=12996, stack(0x0000008e42500000,0x0000008e42600000) (1024K)]
  0x000002509833cf50 JavaThread "Timer-13"                          [_thread_blocked, id=1312, stack(0x0000008e42600000,0x0000008e42700000) (1024K)]
  0x000002509833dc70 JavaThread "Worker-15: Initialize workspace"        [_thread_blocked, id=6756, stack(0x0000008e42700000,0x0000008e42800000) (1024K)]
  0x000002509833c230 JavaThread "Worker-16: Initialize workspace"        [_thread_blocked, id=12728, stack(0x0000008e42400000,0x0000008e42500000) (1024K)]
  0x000002509833fd40 JavaThread "Timer-14"                          [_thread_blocked, id=1804, stack(0x0000008e42900000,0x0000008e42a00000) (1024K)]
  0x000002509833c8c0 JavaThread "Worker-17: Initialize workspace"        [_thread_blocked, id=11848, stack(0x0000008e42800000,0x0000008e42900000) (1024K)]
  0x00000250983403d0 JavaThread "Timer-15"                          [_thread_blocked, id=8196, stack(0x0000008e42b00000,0x0000008e42c00000) (1024K)]
  0x00000250983410f0 JavaThread "Worker-18: Initialize workspace"        [_thread_blocked, id=1676, stack(0x0000008e42a00000,0x0000008e42b00000) (1024K)]
  0x0000025098341780 JavaThread "Timer-16"                          [_thread_blocked, id=7028, stack(0x0000008e42d00000,0x0000008e42e00000) (1024K)]
  0x000002509833e300 JavaThread "Worker-19: Initialize workspace"        [_thread_blocked, id=14984, stack(0x0000008e42c00000,0x0000008e42d00000) (1024K)]
  0x00000250983424a0 JavaThread "Timer-17"                          [_thread_blocked, id=13552, stack(0x0000008e42f00000,0x0000008e43000000) (1024K)]
  0x0000025098343850 JavaThread "Worker-20: Initialize workspace"        [_thread_blocked, id=1920, stack(0x0000008e42e00000,0x0000008e42f00000) (1024K)]
  0x0000025098340a60 JavaThread "Timer-18"                          [_thread_blocked, id=2984, stack(0x0000008e43100000,0x0000008e43200000) (1024K)]
  0x0000025098341e10 JavaThread "Worker-21: Initialize workspace"        [_thread_blocked, id=5768, stack(0x0000008e43000000,0x0000008e43100000) (1024K)]
  0x00000250983431c0 JavaThread "Timer-19"                          [_thread_blocked, id=2128, stack(0x0000008e43300000,0x0000008e43400000) (1024K)]
  0x0000025095a924f0 JavaThread "Worker-22: Initialize workspace"        [_thread_blocked, id=14096, stack(0x0000008e43200000,0x0000008e43300000) (1024K)]
  0x00000250961f8350 JavaThread "Timer-20"                          [_thread_blocked, id=12980, stack(0x0000008e43500000,0x0000008e43600000) (1024K)]
  0x00000250961f4ed0 JavaThread "Worker-23: Initialize workspace"        [_thread_blocked, id=11408, stack(0x0000008e43400000,0x0000008e43500000) (1024K)]
  0x00000250961f6910 JavaThread "Timer-21"                          [_thread_blocked, id=14560, stack(0x0000008e43700000,0x0000008e43800000) (1024K)]
  0x00000250961f6280 JavaThread "Timer-22"                          [_thread_blocked, id=6996, stack(0x0000008e43800000,0x0000008e43900000) (1024K)]
  0x00000250961f6fa0 JavaThread "Worker-24: Initialize workspace"        [_thread_blocked, id=9260, stack(0x0000008e43900000,0x0000008e43a00000) (1024K)]
  0x00000250961f5560 JavaThread "Worker-25: Initialize workspace"        [_thread_blocked, id=12784, stack(0x0000008e43600000,0x0000008e43700000) (1024K)]
  0x00000250961f7cc0 JavaThread "Timer-23"                          [_thread_blocked, id=14544, stack(0x0000008e43b00000,0x0000008e43c00000) (1024K)]
  0x00000250961f5bf0 JavaThread "Timer-24"                          [_thread_blocked, id=15060, stack(0x0000008e43c00000,0x0000008e43d00000) (1024K)]
  0x00000250961f9700 JavaThread "Worker-26: Initialize workspace"        [_thread_blocked, id=4220, stack(0x0000008e43d00000,0x0000008e43e00000) (1024K)]
  0x00000250961f9d90 JavaThread "Timer-25"                          [_thread_blocked, id=5724, stack(0x0000008e43e00000,0x0000008e43f00000) (1024K)]
  0x00000250961fa420 JavaThread "Worker-27: Initialize workspace"        [_thread_blocked, id=4924, stack(0x0000008e43f00000,0x0000008e44000000) (1024K)]
  0x00000250961fb7d0 JavaThread "Timer-26"                          [_thread_blocked, id=3348, stack(0x0000008e44000000,0x0000008e44100000) (1024K)]
  0x00000250961fbe60 JavaThread "Worker-28: Initialize workspace"        [_thread_blocked, id=2740, stack(0x0000008e44100000,0x0000008e44200000) (1024K)]
  0x00000250961fc4f0 JavaThread "Timer-27"                          [_thread_blocked, id=8964, stack(0x0000008e44200000,0x0000008e44300000) (1024K)]
  0x00000250961f9070 JavaThread "Worker-29: Initialize workspace"        [_thread_blocked, id=8980, stack(0x0000008e44300000,0x0000008e44400000) (1024K)]
  0x0000025098342b30 JavaThread "Timer-28"                          [_thread_blocked, id=3112, stack(0x0000008e44400000,0x0000008e44500000) (1024K)]
  0x00000250952d5f40 JavaThread "Worker-30: Initialize workspace"        [_thread_blocked, id=15328, stack(0x0000008e44500000,0x0000008e44600000) (1024K)]
  0x00000250952d65d0 JavaThread "Worker-31: Initialize workspace"        [_thread_blocked, id=13236, stack(0x0000008e43a00000,0x0000008e43b00000) (1024K)]
  0x00000250952d5220 JavaThread "Timer-29"                          [_thread_blocked, id=11800, stack(0x0000008e44700000,0x0000008e44800000) (1024K)]
  0x00000250952d4500 JavaThread "Worker-32: Initialize workspace"        [_thread_blocked, id=6920, stack(0x0000008e44600000,0x0000008e44700000) (1024K)]
  0x00000250952d58b0 JavaThread "Timer-30"                          [_thread_blocked, id=10172, stack(0x0000008e44900000,0x0000008e44a00000) (1024K)]
  0x00000250952d4b90 JavaThread "Worker-33: Initialize workspace"        [_thread_blocked, id=12764, stack(0x0000008e44800000,0x0000008e44900000) (1024K)]
  0x00000250952d72f0 JavaThread "Timer-31"                          [_thread_blocked, id=12308, stack(0x0000008e44b00000,0x0000008e44c00000) (1024K)]
  0x00000250952d6c60 JavaThread "Worker-34: Initialize workspace"        [_thread_blocked, id=14884, stack(0x0000008e44a00000,0x0000008e44b00000) (1024K)]
  0x00000250952da770 JavaThread "Timer-32"                          [_thread_blocked, id=7440, stack(0x0000008e44d00000,0x0000008e44e00000) (1024K)]
  0x00000250952d93c0 JavaThread "Worker-35: Initialize workspace"        [_thread_blocked, id=2320, stack(0x0000008e3de00000,0x0000008e3df00000) (1024K)]
  0x00000250952d3e70 JavaThread "Worker-36: Initialize workspace"        [_thread_blocked, id=4460, stack(0x0000008e44c00000,0x0000008e44d00000) (1024K)]
  0x00000250952dae00 JavaThread "Timer-33"                          [_thread_blocked, id=6112, stack(0x0000008e44f00000,0x0000008e45000000) (1024K)]
  0x00000250952d9a50 JavaThread "Timer-34"                          [_thread_blocked, id=5656, stack(0x0000008e45000000,0x0000008e45100000) (1024K)]
  0x00000250952d86a0 JavaThread "Timer-35"                          [_thread_blocked, id=2904, stack(0x0000008e45100000,0x0000008e45200000) (1024K)]
  0x00000250952da0e0 JavaThread "Worker-37: Initialize workspace"        [_thread_blocked, id=7580, stack(0x0000008e45200000,0x0000008e45300000) (1024K)]
  0x00000250952d8d30 JavaThread "Worker-38: Initialize workspace"        [_thread_blocked, id=3808, stack(0x0000008e44e00000,0x0000008e44f00000) (1024K)]
  0x00000250952db490 JavaThread "Timer-36"                          [_thread_blocked, id=5736, stack(0x0000008e45400000,0x0000008e45500000) (1024K)]
  0x00000250952d7980 JavaThread "Worker-39: Initialize workspace"        [_thread_blocked, id=3892, stack(0x0000008e45300000,0x0000008e45400000) (1024K)]
  0x00000250961fb140 JavaThread "Timer-37"                          [_thread_blocked, id=14980, stack(0x0000008e45600000,0x0000008e45700000) (1024K)]
  0x00000250952d8010 JavaThread "Worker-40: Initialize workspace"        [_thread_blocked, id=13136, stack(0x0000008e45500000,0x0000008e45600000) (1024K)]
  0x000002509927e4a0 JavaThread "Timer-38"                          [_thread_blocked, id=1152, stack(0x0000008e45800000,0x0000008e45900000) (1024K)]
  0x000002509927f1c0 JavaThread "Timer-39"                          [_thread_blocked, id=14388, stack(0x0000008e45900000,0x0000008e45a00000) (1024K)]
  0x000002509927f850 JavaThread "Worker-41: Initialize workspace"        [_thread_blocked, id=14508, stack(0x0000008e45700000,0x0000008e45800000) (1024K)]
  0x000002509927eb30 JavaThread "Worker-42: Initialize workspace"        [_thread_blocked, id=5304, stack(0x0000008e45a00000,0x0000008e45b00000) (1024K)]
  0x000002509927fee0 JavaThread "Timer-40"                          [_thread_blocked, id=3524, stack(0x0000008e45c00000,0x0000008e45d00000) (1024K)]
  0x000002509927de10 JavaThread "Timer-41"                          [_thread_blocked, id=3668, stack(0x0000008e45d00000,0x0000008e45e00000) (1024K)]
  0x000002509927d780 JavaThread "Worker-43: Initialize workspace"        [_thread_blocked, id=2724, stack(0x0000008e45e00000,0x0000008e45f00000) (1024K)]
  0x0000025099280570 JavaThread "Worker-44: Initialize workspace"        [_thread_blocked, id=10024, stack(0x0000008e45b00000,0x0000008e45c00000) (1024K)]
  0x0000025097065e80 JavaThread "Timer-42"                          [_thread_blocked, id=11856, stack(0x0000008e46000000,0x0000008e46100000) (1024K)]
  0x00000250970685e0 JavaThread "Worker-45: Initialize workspace"        [_thread_blocked, id=12520, stack(0x0000008e45f00000,0x0000008e46000000) (1024K)]
  0x0000025097067f50 JavaThread "Timer-43"                          [_thread_blocked, id=8440, stack(0x0000008e46200000,0x0000008e46300000) (1024K)]
  0x0000025097068c70 JavaThread "Worker-46: Initialize workspace"        [_thread_blocked, id=4192, stack(0x0000008e46300000,0x0000008e46400000) (1024K)]
  0x0000025097069990 JavaThread "Timer-44"                          [_thread_blocked, id=13284, stack(0x0000008e46400000,0x0000008e46500000) (1024K)]
  0x000002509706a020 JavaThread "Timer-45"                          [_thread_blocked, id=7300, stack(0x0000008e46600000,0x0000008e46700000) (1024K)]
  0x0000025097067230 JavaThread "Worker-48: Initialize workspace"        [_thread_blocked, id=936, stack(0x0000008e46500000,0x0000008e46600000) (1024K)]
  0x000002509706a6b0 JavaThread "Timer-46"                          [_thread_blocked, id=4592, stack(0x0000008e46800000,0x0000008e46900000) (1024K)]
  0x000002509706ad40 JavaThread "Timer-47"                          [_thread_blocked, id=6016, stack(0x0000008e46900000,0x0000008e46a00000) (1024K)]
  0x00000250970678c0 JavaThread "Timer-48"                          [_thread_blocked, id=13128, stack(0x0000008e46a00000,0x0000008e46b00000) (1024K)]
  0x000002509706d4a0 JavaThread "Worker-51: Initialize workspace"        [_thread_blocked, id=2944, stack(0x0000008e46b00000,0x0000008e46c00000) (1024K)]
  0x000002509706b3d0 JavaThread "Timer-49"                          [_thread_blocked, id=14576, stack(0x0000008e46c00000,0x0000008e46d00000) (1024K)]
  0x000002509706c0f0 JavaThread "Worker-57: Initialize workspace"        [_thread_blocked, id=9088, stack(0x0000008e46d00000,0x0000008e46e00000) (1024K)]
  0x000002509706ba60 JavaThread "Timer-50"                          [_thread_blocked, id=9400, stack(0x0000008e46e00000,0x0000008e46f00000) (1024K)]
  0x000002509706c780 JavaThread "Worker-67: Initialize workspace"        [_thread_blocked, id=6320, stack(0x0000008e46f00000,0x0000008e47000000) (1024K)]
  0x000002509706ce10 JavaThread "Timer-51"                          [_thread_blocked, id=6048, stack(0x0000008e47000000,0x0000008e47100000) (1024K)]
  0x0000025097069300 JavaThread "Worker-76: Initialize workspace"        [_thread_blocked, id=3016, stack(0x0000008e46100000,0x0000008e46200000) (1024K)]
  0x0000025090b75b60 JavaThread "Timer-52"                          [_thread_blocked, id=6348, stack(0x0000008e47100000,0x0000008e47200000) (1024K)]
  0x0000025090b74120 JavaThread "Worker-83: Initialize workspace"        [_thread_blocked, id=13020, stack(0x0000008e47200000,0x0000008e47300000) (1024K)]
  0x0000025090b72d70 JavaThread "Timer-53"                          [_thread_blocked, id=7412, stack(0x0000008e47400000,0x0000008e47500000) (1024K)]
  0x0000025090b73a90 JavaThread "Worker-89: Initialize workspace"        [_thread_blocked, id=10388, stack(0x0000008e47500000,0x0000008e47600000) (1024K)]
  0x0000025090b754d0 JavaThread "Timer-54"                          [_thread_blocked, id=13776, stack(0x0000008e46700000,0x0000008e46800000) (1024K)]
  0x0000025090b72050 JavaThread "Worker-96: Initialize workspace"        [_thread_blocked, id=9820, stack(0x0000008e47700000,0x0000008e47800000) (1024K)]
  0x0000025090b761f0 JavaThread "Timer-55"                          [_thread_blocked, id=4996, stack(0x0000008e47800000,0x0000008e47900000) (1024K)]
  0x0000025090b726e0 JavaThread "Worker-103: Initialize workspace"        [_thread_blocked, id=5744, stack(0x0000008e47600000,0x0000008e47700000) (1024K)]
  0x0000025090b76880 JavaThread "Timer-56"                          [_thread_blocked, id=8124, stack(0x0000008e47a00000,0x0000008e47b00000) (1024K)]
  0x0000025090b76f10 JavaThread "Worker-110: Initialize workspace"        [_thread_blocked, id=15164, stack(0x0000008e47900000,0x0000008e47a00000) (1024K)]
  0x0000025090b747b0 JavaThread "Worker-114: Initialize workspace"        [_thread_blocked, id=6400, stack(0x0000008e47b00000,0x0000008e47c00000) (1024K)]
  0x0000025090b73400 JavaThread "Timer-57"                          [_thread_blocked, id=3704, stack(0x0000008e47c00000,0x0000008e47d00000) (1024K)]
  0x0000025090b77c30 JavaThread "Timer-58"                          [_thread_blocked, id=13332, stack(0x0000008e47e00000,0x0000008e47f00000) (1024K)]
  0x0000025090b74e40 JavaThread "Worker-123: Initialize workspace"        [_thread_blocked, id=5260, stack(0x0000008e48000000,0x0000008e48100000) (1024K)]
  0x0000025090b79670 JavaThread "Timer-59"                          [_thread_blocked, id=6836, stack(0x0000008e47f00000,0x0000008e48000000) (1024K)]
  0x0000025090b775a0 JavaThread "Worker-131: Initialize workspace"        [_thread_blocked, id=3736, stack(0x0000008e47d00000,0x0000008e47e00000) (1024K)]
  0x000002509927d0f0 JavaThread "Timer-60"                          [_thread_blocked, id=12140, stack(0x0000008e48200000,0x0000008e48300000) (1024K)]
  0x0000025090b78fe0 JavaThread "Worker-139: Initialize workspace"        [_thread_blocked, id=5488, stack(0x0000008e48100000,0x0000008e48200000) (1024K)]
  0x0000025099176bd0 JavaThread "Timer-61"                          [_thread_blocked, id=5268, stack(0x0000008e48400000,0x0000008e48500000) (1024K)]
  0x0000025099175eb0 JavaThread "Worker-145: Initialize workspace"        [_thread_blocked, id=9276, stack(0x0000008e48600000,0x0000008e48700000) (1024K)]
  0x0000025099174470 JavaThread "Worker-148: Initialize workspace"        [_thread_blocked, id=1952, stack(0x0000008e47300000,0x0000008e47400000) (1024K)]
  0x0000025099173de0 JavaThread "Timer-62"                          [_thread_blocked, id=14172, stack(0x0000008e48500000,0x0000008e48600000) (1024K)]
  0x0000025099175820 JavaThread "Worker-151: Initialize workspace"        [_thread_blocked, id=2120, stack(0x0000008e48300000,0x0000008e48400000) (1024K)]
  0x0000025099176540 JavaThread "Timer-63"                          [_thread_blocked, id=3792, stack(0x0000008e48800000,0x0000008e48900000) (1024K)]
  0x0000025099174b00 JavaThread "Timer-64"                          [_thread_blocked, id=14796, stack(0x0000008e48c00000,0x0000008e48d00000) (1024K)]
  0x0000025099178610 JavaThread "Worker-160: Initialize workspace"        [_thread_blocked, id=11372, stack(0x0000008e48700000,0x0000008e48800000) (1024K)]
  0x0000025099178ca0 JavaThread "Timer-65"                          [_thread_blocked, id=12008, stack(0x0000008e48b00000,0x0000008e48c00000) (1024K)]
  0x0000025099177260 JavaThread "Worker-170: Initialize workspace"        [_thread_blocked, id=10492, stack(0x0000008e48900000,0x0000008e48a00000) (1024K)]
  0x0000025099177f80 JavaThread "Timer-66"                          [_thread_blocked, id=1224, stack(0x0000008e48f00000,0x0000008e49000000) (1024K)]
  0x00000250991799c0 JavaThread "Worker-176: Initialize workspace"        [_thread_blocked, id=14892, stack(0x0000008e49000000,0x0000008e49100000) (1024K)]
  0x0000025099179330 JavaThread "Timer-67"                          [_thread_blocked, id=5616, stack(0x0000008e49100000,0x0000008e49200000) (1024K)]
  0x000002509917a050 JavaThread "Worker-183: Initialize workspace"        [_thread_blocked, id=6828, stack(0x0000008e48e00000,0x0000008e48f00000) (1024K)]
  0x000002509917db60 JavaThread "Timer-68"                          [_thread_blocked, id=8908, stack(0x0000008e49400000,0x0000008e49500000) (1024K)]
  0x0000025099175190 JavaThread "Worker-192: Initialize workspace"        [_thread_blocked, id=11212, stack(0x0000008e49200000,0x0000008e49300000) (1024K)]
  0x00000250991778f0 JavaThread "Timer-69"                          [_thread_blocked, id=1456, stack(0x0000008e49500000,0x0000008e49600000) (1024K)]
  0x000002509917d4d0 JavaThread "Worker-199: Initialize workspace"        [_thread_blocked, id=10092, stack(0x0000008e49600000,0x0000008e49700000) (1024K)]
  0x000002509917c120 JavaThread "Timer-70"                          [_thread_blocked, id=10080, stack(0x0000008e49800000,0x0000008e49900000) (1024K)]
  0x000002509917c7b0 JavaThread "Worker-208: Initialize workspace"        [_thread_blocked, id=15072, stack(0x0000008e49700000,0x0000008e49800000) (1024K)]
  0x000002509917e1f0 JavaThread "Timer-71"                          [_thread_blocked, id=2704, stack(0x0000008e49900000,0x0000008e49a00000) (1024K)]
  0x000002509917ba90 JavaThread "Worker-215: Initialize workspace"        [_thread_blocked, id=9708, stack(0x0000008e49b00000,0x0000008e49c00000) (1024K)]
  0x000002509917ad70 JavaThread "Timer-72"                          [_thread_blocked, id=3940, stack(0x0000008e49a00000,0x0000008e49b00000) (1024K)]
  0x000002509917b400 JavaThread "Worker-222: Initialize workspace"        [_thread_blocked, id=9200, stack(0x0000008e49c00000,0x0000008e49d00000) (1024K)]
  0x000002509917f5a0 JavaThread "Worker-224: Initialize workspace"        [_thread_blocked, id=14428, stack(0x0000008e49d00000,0x0000008e49e00000) (1024K)]
  0x000002509917ce40 JavaThread "Timer-73"                          [_thread_blocked, id=14200, stack(0x0000008e48d00000,0x0000008e48e00000) (1024K)]
  0x00000250991802c0 JavaThread "Timer-74"                          [_thread_blocked, id=4016, stack(0x0000008e49e00000,0x0000008e49f00000) (1024K)]
  0x000002509917fc30 JavaThread "Worker-234: Initialize workspace"        [_thread_blocked, id=14432, stack(0x0000008e49300000,0x0000008e49400000) (1024K)]
  0x0000025099180fe0 JavaThread "Timer-75"                          [_thread_blocked, id=8556, stack(0x0000008e49f00000,0x0000008e4a000000) (1024K)]
  0x000002509917e880 JavaThread "Worker-239: Initialize workspace"        [_thread_blocked, id=7864, stack(0x0000008e4a100000,0x0000008e4a200000) (1024K)]
  0x0000025099181670 JavaThread "Timer-76"                          [_thread_blocked, id=11016, stack(0x0000008e4a200000,0x0000008e4a300000) (1024K)]
  0x000002509917a6e0 JavaThread "Worker-249: Initialize workspace"        [_thread_blocked, id=12456, stack(0x0000008e4a400000,0x0000008e4a500000) (1024K)]
  0x0000025099182390 JavaThread "Timer-77"                          [_thread_blocked, id=3812, stack(0x0000008e4a000000,0x0000008e4a100000) (1024K)]
  0x00000250991830b0 JavaThread "Worker-255: Initialize workspace"        [_thread_blocked, id=15100, stack(0x0000008e4a500000,0x0000008e4a600000) (1024K)]
  0x000002509917ef10 JavaThread "Timer-78"                          [_thread_blocked, id=8696, stack(0x0000008e4a600000,0x0000008e4a700000) (1024K)]
  0x0000025099181d00 JavaThread "Worker-265: Initialize workspace"        [_thread_blocked, id=2420, stack(0x0000008e48a00000,0x0000008e48b00000) (1024K)]
  0x0000025099182a20 JavaThread "Worker-270: Initialize workspace"        [_thread_blocked, id=14440, stack(0x0000008e4a700000,0x0000008e4a800000) (1024K)]
  0x0000025099180950 JavaThread "Timer-79"                          [_thread_blocked, id=10016, stack(0x0000008e4a800000,0x0000008e4a900000) (1024K)]
  0x000002509566ca80 JavaThread "Timer-80"                          [_thread_blocked, id=4672, stack(0x0000008e4aa00000,0x0000008e4ab00000) (1024K)]
  0x000002509566b6d0 JavaThread "Worker-278: Initialize workspace"        [_thread_blocked, id=11268, stack(0x0000008e4a900000,0x0000008e4aa00000) (1024K)]
  0x000002509566c3f0 JavaThread "Timer-81"                          [_thread_blocked, id=4500, stack(0x0000008e4a300000,0x0000008e4a400000) (1024K)]
  0x000002509566bd60 JavaThread "Worker-285: Initialize workspace"        [_thread_blocked, id=4328, stack(0x0000008e4ac00000,0x0000008e4ad00000) (1024K)]
  0x0000025095669c90 JavaThread "Timer-82"                          [_thread_blocked, id=9080, stack(0x0000008e4ae00000,0x0000008e4af00000) (1024K)]
  0x000002509566d7a0 JavaThread "Worker-295: Initialize workspace"        [_thread_blocked, id=9212, stack(0x0000008e4ad00000,0x0000008e4ae00000) (1024K)]
  0x000002509566a320 JavaThread "Worker-298: Initialize workspace"        [_thread_blocked, id=9140, stack(0x0000008e4ab00000,0x0000008e4ac00000) (1024K)]
  0x000002509566a9b0 JavaThread "Timer-83"                          [_thread_blocked, id=2744, stack(0x0000008e4b100000,0x0000008e4b200000) (1024K)]
  0x000002509566d110 JavaThread "Timer-84"                          [_thread_blocked, id=10780, stack(0x0000008e4b200000,0x0000008e4b300000) (1024K)]
  0x0000025095670590 JavaThread "Worker-308: Initialize workspace"        [_thread_blocked, id=14280, stack(0x0000008e4b000000,0x0000008e4b100000) (1024K)]
  0x0000025095670c20 JavaThread "Timer-85"                          [_thread_blocked, id=12144, stack(0x0000008e4b500000,0x0000008e4b600000) (1024K)]
  0x00000250956712b0 JavaThread "Worker-316: Initialize workspace"        [_thread_blocked, id=12948, stack(0x0000008e4af00000,0x0000008e4b000000) (1024K)]
  0x000002509566b040 JavaThread "Timer-86"                          [_thread_blocked, id=14768, stack(0x0000008e4b700000,0x0000008e4b800000) (1024K)]
  0x0000025095671940 JavaThread "Worker-320: Initialize workspace"        [_thread_blocked, id=6856, stack(0x0000008e4b400000,0x0000008e4b500000) (1024K)]
  0x000002509566e4c0 JavaThread "Timer-87"                          [_thread_in_vm, id=9532, stack(0x0000008e4b900000,0x0000008e4ba00000) (1024K)]
  0x0000025095672660 JavaThread "Worker-328: Initialize workspace"        [_thread_blocked, id=13380, stack(0x0000008e4b600000,0x0000008e4b700000) (1024K)]
  0x000002509566eb50 JavaThread "Timer-88"                          [_thread_blocked, id=10944, stack(0x0000008e4ba00000,0x0000008e4bb00000) (1024K)]
  0x000002509566ff00 JavaThread "Worker-334: Initialize workspace"        [_thread_blocked, id=2448, stack(0x0000008e4bc00000,0x0000008e4bd00000) (1024K)]
  0x000002509566de30 JavaThread "Worker-338: Initialize workspace"        [_thread_blocked, id=3528, stack(0x0000008e4b300000,0x0000008e4b400000) (1024K)]
  0x0000025095671fd0 JavaThread "Timer-89"                          [_thread_blocked, id=14952, stack(0x0000008e4b800000,0x0000008e4b900000) (1024K)]
  0x000002509566f1e0 JavaThread "Worker-345: Initialize workspace"        [_thread_blocked, id=1476, stack(0x0000008e4bb00000,0x0000008e4bc00000) (1024K)]
  0x000002509566f870 JavaThread "Timer-90"                          [_thread_blocked, id=14992, stack(0x0000008e4be00000,0x0000008e4bf00000) (1024K)]
  0x0000025095673a10 JavaThread "Worker-351: Initialize workspace"        [_thread_blocked, id=5404, stack(0x0000008e4bd00000,0x0000008e4be00000) (1024K)]
  0x0000025095674730 JavaThread "Timer-91"                          [_thread_blocked, id=9828, stack(0x0000008e4c000000,0x0000008e4c100000) (1024K)]
  0x00000250956740a0 JavaThread "Timer-92"                          [_thread_blocked, id=8600, stack(0x0000008e4c400000,0x0000008e4c500000) (1024K)]
  0x0000025095674dc0 JavaThread "Worker-358: Initialize workspace"        [_thread_blocked, id=14288, stack(0x0000008e4bf00000,0x0000008e4c000000) (1024K)]
  0x0000025095676170 JavaThread "Timer-93"                          [_thread_blocked, id=8476, stack(0x0000008e4c100000,0x0000008e4c200000) (1024K)]
  0x0000025095675ae0 JavaThread "Worker-369: Initialize workspace"        [_thread_blocked, id=14876, stack(0x0000008e3dd00000,0x0000008e3de00000) (1024K)]
  0x0000025095676800 JavaThread "Timer-94"                          [_thread_blocked, id=15268, stack(0x0000008e4c300000,0x0000008e4c400000) (1024K)]
  0x0000025095672cf0 JavaThread "Worker-381: Initialize workspace"        [_thread_blocked, id=10864, stack(0x0000008e3dc00000,0x0000008e3dd00000) (1024K)]
  0x0000025095678f60 JavaThread "Timer-95"                          [_thread_blocked, id=5372, stack(0x0000008e4c600000,0x0000008e4c700000) (1024K)]
  0x0000025095673380 JavaThread "Worker-390: Initialize workspace"        [_thread_blocked, id=8096, stack(0x0000008e4c500000,0x0000008e4c600000) (1024K)]
  0x0000025095677bb0 JavaThread "Timer-96"                          [_thread_blocked, id=8336, stack(0x0000008e4c800000,0x0000008e4c900000) (1024K)]
  0x00000250956788d0 JavaThread "Worker-400: Initialize workspace"        [_thread_blocked, id=4400, stack(0x0000008e4c700000,0x0000008e4c800000) (1024K)]
  0x0000025095675450 JavaThread "Timer-97"                          [_thread_blocked, id=10936, stack(0x0000008e4ca00000,0x0000008e4cb00000) (1024K)]
  0x0000025090b782c0 JavaThread "Worker-410: Initialize workspace"        [_thread_blocked, id=9748, stack(0x0000008e4c900000,0x0000008e4ca00000) (1024K)]
  0x0000025097066510 JavaThread "Timer-98"                          [_thread_blocked, id=5916, stack(0x0000008e4cd00000,0x0000008e4ce00000) (1024K)]
  0x0000025099998f00 JavaThread "Worker-419: Initialize workspace"        [_thread_blocked, id=11608, stack(0x0000008e4cf00000,0x0000008e4d000000) (1024K)]
  0x000002509999afd0 JavaThread "Timer-99"                          [_thread_blocked, id=7688, stack(0x0000008e4ce00000,0x0000008e4cf00000) (1024K)]
  0x0000025099999590 JavaThread "Worker-430: Initialize workspace"        [_thread_blocked, id=14628, stack(0x0000008e4c200000,0x0000008e4c300000) (1024K)]
  0x000002509999a940 JavaThread "Timer-100"                         [_thread_blocked, id=8120, stack(0x0000008e4d000000,0x0000008e4d100000) (1024K)]
  0x000002509999b660 JavaThread "Worker-437: Initialize workspace"        [_thread_blocked, id=6872, stack(0x0000008e4d100000,0x0000008e4d200000) (1024K)]
  0x000002509999bcf0 JavaThread "Timer-101"                         [_thread_blocked, id=7232, stack(0x0000008e4d200000,0x0000008e4d300000) (1024K)]
  0x000002509999a2b0 JavaThread "Worker-450: Initialize workspace"        [_thread_blocked, id=11004, stack(0x0000008e4cb00000,0x0000008e4cc00000) (1024K)]
  0x0000025099999c20 JavaThread "Timer-102"                         [_thread_blocked, id=13724, stack(0x0000008e4d300000,0x0000008e4d400000) (1024K)]
  0x00000250999981e0 JavaThread "Worker-460: Initialize workspace"        [_thread_blocked, id=3796, stack(0x0000008e4cc00000,0x0000008e4cd00000) (1024K)]
  0x000002509999eae0 JavaThread "Timer-103"                         [_thread_blocked, id=15168, stack(0x0000008e4d600000,0x0000008e4d700000) (1024K)]
  0x0000025099997b50 JavaThread "Worker-469: Initialize workspace"        [_thread_blocked, id=12128, stack(0x0000008e4d500000,0x0000008e4d600000) (1024K)]
  0x000002509999ddc0 JavaThread "Timer-104"                         [_thread_blocked, id=14916, stack(0x0000008e4d800000,0x0000008e4d900000) (1024K)]
  0x000002509999f800 JavaThread "Worker-479: Initialize workspace"        [_thread_blocked, id=3572, stack(0x0000008e4d700000,0x0000008e4d800000) (1024K)]
  0x000002509999e450 JavaThread "Timer-105"                         [_thread_blocked, id=7012, stack(0x0000008e4da00000,0x0000008e4db00000) (1024K)]
  0x000002509999c380 JavaThread "Connection worker"                 [_thread_blocked, id=14424, stack(0x0000008e4d900000,0x0000008e4da00000) (1024K)]
  0x000002509999f170 JavaThread "Connection worker"                 [_thread_blocked, id=8668, stack(0x0000008e4de00000,0x0000008e4df00000) (1024K)]
  0x00000250999a0520 JavaThread "Connection worker"                 [_thread_blocked, id=12776, stack(0x0000008e4e000000,0x0000008e4e100000) (1024K)]
  0x000002509999d0a0 JavaThread "Connection worker"                 [_thread_blocked, id=8060, stack(0x0000008e4e100000,0x0000008e4e200000) (1024K)]
  0x00000250999a4030 JavaThread "Connection worker"                 [_thread_blocked, id=12596, stack(0x0000008e4e200000,0x0000008e4e300000) (1024K)]
  0x00000250999a1240 JavaThread "Connection worker"                 [_thread_blocked, id=14444, stack(0x0000008e4e400000,0x0000008e4e500000) (1024K)]
  0x00000250999a2c80 JavaThread "Connection worker"                 [_thread_blocked, id=6232, stack(0x0000008e4e600000,0x0000008e4e700000) (1024K)]
  0x00000250999a18d0 JavaThread "Connection worker"                 [_thread_blocked, id=8028, stack(0x0000008e4e700000,0x0000008e4e800000) (1024K)]
  0x00000250999a0bb0 JavaThread "Connection worker"                 [_thread_blocked, id=6044, stack(0x0000008e4ea00000,0x0000008e4eb00000) (1024K)]
  0x00000250999a6790 JavaThread "Connection worker"                 [_thread_blocked, id=12800, stack(0x0000008e4eb00000,0x0000008e4ec00000) (1024K)]
  0x00000250999a4d50 JavaThread "Connection worker"                 [_thread_blocked, id=2584, stack(0x0000008e4ed00000,0x0000008e4ee00000) (1024K)]
  0x00000250999a6e20 JavaThread "Connection worker"                 [_thread_blocked, id=6716, stack(0x0000008e4ee00000,0x0000008e4ef00000) (1024K)]
  0x00000250999a5a70 JavaThread "Connection worker"                 [_thread_blocked, id=2908, stack(0x0000008e4f000000,0x0000008e4f100000) (1024K)]
  0x00000250999a53e0 JavaThread "Connection worker"                 [_thread_blocked, id=12844, stack(0x0000008e4f100000,0x0000008e4f200000) (1024K)]
  0x0000025095677520 JavaThread "Connection worker"                 [_thread_blocked, id=1728, stack(0x0000008e4f200000,0x0000008e4f300000) (1024K)]
  0x0000025095678240 JavaThread "Connection worker"                 [_thread_blocked, id=15032, stack(0x0000008e4f300000,0x0000008e4f400000) (1024K)]
  0x00000250977ad820 JavaThread "Connection worker"                 [_thread_blocked, id=7100, stack(0x0000008e4f500000,0x0000008e4f600000) (1024K)]
  0x00000250977ae540 JavaThread "Connection worker"                 [_thread_blocked, id=2616, stack(0x0000008e4f600000,0x0000008e4f700000) (1024K)]
  0x00000250977acb00 JavaThread "Connection worker"                 [_thread_blocked, id=15312, stack(0x0000008e4f700000,0x0000008e4f800000) (1024K)]
  0x00000250977adeb0 JavaThread "Connection worker"                 [_thread_blocked, id=6196, stack(0x0000008e4f900000,0x0000008e4fa00000) (1024K)]
  0x00000250977aebd0 JavaThread "Connection worker"                 [_thread_blocked, id=9220, stack(0x0000008e4fa00000,0x0000008e4fb00000) (1024K)]
  0x00000250977ab750 JavaThread "Connection worker"                 [_thread_blocked, id=11644, stack(0x0000008e4fb00000,0x0000008e4fc00000) (1024K)]
  0x00000250977af260 JavaThread "Connection worker"                 [_thread_blocked, id=14764, stack(0x0000008e4fc00000,0x0000008e4fd00000) (1024K)]
  0x00000250977abde0 JavaThread "Connection worker"                 [_thread_blocked, id=15276, stack(0x0000008e4fd00000,0x0000008e4fe00000) (1024K)]
  0x00000250977af8f0 JavaThread "Connection worker"                 [_thread_blocked, id=13500, stack(0x0000008e4fe00000,0x0000008e4ff00000) (1024K)]
  0x00000250977b2d70 JavaThread "Connection worker"                 [_thread_blocked, id=11136, stack(0x0000008e4ff00000,0x0000008e50000000) (1024K)]
  0x00000250977b2050 JavaThread "Connection worker"                 [_thread_blocked, id=8924, stack(0x0000008e50000000,0x0000008e50100000) (1024K)]
  0x00000250977b19c0 JavaThread "Connection worker"                 [_thread_blocked, id=14736, stack(0x0000008e50100000,0x0000008e50200000) (1024K)]
  0x00000250977b26e0 JavaThread "Connection worker"                 [_thread_blocked, id=3420, stack(0x0000008e50200000,0x0000008e50300000) (1024K)]
  0x00000250977b3400 JavaThread "Worker-489: Initialize workspace"        [_thread_blocked, id=1432, stack(0x0000008e50300000,0x0000008e50400000) (1024K)]
  0x00000250977aff80 JavaThread "Connection worker"                 [_thread_blocked, id=2460, stack(0x0000008e50400000,0x0000008e50500000) (1024K)]
  0x00000250977b3a90 JavaThread "Connection worker"                 [_thread_blocked, id=2532, stack(0x0000008e4d400000,0x0000008e4d500000) (1024K)]
  0x00000250977b1330 JavaThread "Connection worker"                 [_thread_blocked, id=10672, stack(0x0000008e50500000,0x0000008e50600000) (1024K)]
  0x00000250977b0610 JavaThread "Connection worker"                 [_thread_blocked, id=8080, stack(0x0000008e50600000,0x0000008e50700000) (1024K)]
  0x00000250977b4120 JavaThread "Connection worker"                 [_thread_blocked, id=10192, stack(0x0000008e50700000,0x0000008e50800000) (1024K)]
  0x00000250977b0ca0 JavaThread "Connection worker"                 [_thread_blocked, id=8480, stack(0x0000008e50800000,0x0000008e50900000) (1024K)]
  0x00000250977b6880 JavaThread "Connection worker"                 [_thread_blocked, id=2084, stack(0x0000008e50900000,0x0000008e50a00000) (1024K)]
  0x00000250977b54d0 JavaThread "Connection worker"                 [_thread_blocked, id=4684, stack(0x0000008e50a00000,0x0000008e50b00000) (1024K)]
  0x00000250977b7c30 JavaThread "Connection worker"                 [_thread_blocked, id=10104, stack(0x0000008e50b00000,0x0000008e50c00000) (1024K)]
  0x00000250977b47b0 JavaThread "Connection worker"                 [_thread_blocked, id=10360, stack(0x0000008e50d00000,0x0000008e50e00000) (1024K)]
  0x00000250977b75a0 JavaThread "Connection worker"                 [_thread_in_Java, id=3456, stack(0x0000008e51000000,0x0000008e51100000) (1024K)]
  0x00000250977b4e40 JavaThread "Connection worker"                 [_thread_blocked, id=636, stack(0x0000008e51100000,0x0000008e51200000) (1024K)]
  0x00000250977b8950 JavaThread "Connection worker"                 [_thread_blocked, id=7844, stack(0x0000008e51200000,0x0000008e51300000) (1024K)]
  0x00000250977b8fe0 JavaThread "Connection worker"                 [_thread_blocked, id=13148, stack(0x0000008e51300000,0x0000008e51400000) (1024K)]
  0x00000250977b9670 JavaThread "Connection worker"                 [_thread_blocked, id=13036, stack(0x0000008e51400000,0x0000008e51500000) (1024K)]
  0x00000250977b61f0 JavaThread "Connection worker"                 [_thread_blocked, id=12744, stack(0x0000008e51500000,0x0000008e51600000) (1024K)]
  0x00000250977b9d00 JavaThread "Connection worker"                 [_thread_blocked, id=11752, stack(0x0000008e51600000,0x0000008e51700000) (1024K)]
  0x000002509501d2c0 JavaThread "Connection worker"                 [_thread_blocked, id=5584, stack(0x0000008e51a00000,0x0000008e51b00000) (1024K)]
  0x000002509501b1f0 JavaThread "Connection worker"                 [_thread_blocked, id=15336, stack(0x0000008e51b00000,0x0000008e51c00000) (1024K)]
  0x000002509501d950 JavaThread "Connection worker"                 [_thread_blocked, id=8088, stack(0x0000008e51e00000,0x0000008e51f00000) (1024K)]
  0x000002509501c5a0 JavaThread "Connection worker"                 [_thread_blocked, id=7976, stack(0x0000008e4db00000,0x0000008e4dc00000) (1024K)]
  0x000002509501ab60 JavaThread "Connection worker"                 [_thread_blocked, id=4624, stack(0x0000008e51800000,0x0000008e51900000) (1024K)]
  0x000002509501bf10 JavaThread "Connection worker"                 [_thread_blocked, id=14540, stack(0x0000008e52000000,0x0000008e52100000) (1024K)]
  0x000002509501ed00 JavaThread "Connection worker"                 [_thread_blocked, id=15152, stack(0x0000008e52100000,0x0000008e52200000) (1024K)]
  0x000002509501cc30 JavaThread "Connection worker"                 [_thread_blocked, id=6776, stack(0x0000008e52200000,0x0000008e52300000) (1024K)]
  0x000002509501e670 JavaThread "Connection worker"                 [_thread_blocked, id=3576, stack(0x0000008e52400000,0x0000008e52500000) (1024K)]
  0x0000025095001b10 JavaThread "Timer-106"                         [_thread_blocked, id=14832, stack(0x0000008e52500000,0x0000008e52600000) (1024K)]
  0x0000025095000df0 JavaThread "Connection worker"                 [_thread_blocked, id=15364, stack(0x0000008e52800000,0x0000008e52900000) (1024K)]
  0x00000250950021a0 JavaThread "Connection worker"                 [_thread_blocked, id=15368, stack(0x0000008e52900000,0x0000008e52a00000) (1024K)]
  0x0000025095002ec0 JavaThread "Connection worker"                 [_thread_blocked, id=15372, stack(0x0000008e52a00000,0x0000008e52b00000) (1024K)]
  0x00000250950000d0 JavaThread "Connection worker"                 [_thread_blocked, id=15376, stack(0x0000008e52b00000,0x0000008e52c00000) (1024K)]
  0x0000025095003550 JavaThread "Connection worker"                 [_thread_blocked, id=15380, stack(0x0000008e52c00000,0x0000008e52d00000) (1024K)]
  0x0000025095003be0 JavaThread "Connection worker"                 [_thread_blocked, id=15384, stack(0x0000008e52d00000,0x0000008e52e00000) (1024K)]
  0x0000025095000760 JavaThread "Connection worker"                 [_thread_blocked, id=15388, stack(0x0000008e52e00000,0x0000008e52f00000) (1024K)]
  0x0000025095006340 JavaThread "Connection worker"                 [_thread_in_native, id=15392, stack(0x0000008e52f00000,0x0000008e53000000) (1024K)]
  0x0000025095004f90 JavaThread "Connection worker"                 [_thread_blocked, id=15396, stack(0x0000008e53000000,0x0000008e53100000) (1024K)]
  0x00000250950069d0 JavaThread "Connection worker"                 [_thread_blocked, id=15400, stack(0x0000008e53100000,0x0000008e53200000) (1024K)]
  0x0000025095007060 JavaThread "Connection worker"                 [_thread_blocked, id=15404, stack(0x0000008e53200000,0x0000008e53300000) (1024K)]
  0x00000250950076f0 JavaThread "Connection worker"                 [_thread_blocked, id=15408, stack(0x0000008e53300000,0x0000008e53400000) (1024K)]
  0x0000025095004270 JavaThread "Connection worker"                 [_thread_blocked, id=15412, stack(0x0000008e53400000,0x0000008e53500000) (1024K)]
  0x0000025095004900 JavaThread "Connection worker"                 [_thread_blocked, id=15416, stack(0x0000008e53500000,0x0000008e53600000) (1024K)]
  0x0000025095008410 JavaThread "Connection worker"                 [_thread_blocked, id=15420, stack(0x0000008e53600000,0x0000008e53700000) (1024K)]
  0x0000025095005620 JavaThread "Connection worker"                 [_thread_blocked, id=15424, stack(0x0000008e53700000,0x0000008e53800000) (1024K)]
  0x0000025095009130 JavaThread "Connection worker"                 [_thread_blocked, id=15428, stack(0x0000008e53800000,0x0000008e53900000) (1024K)]
  0x0000025095005cb0 JavaThread "Connection worker"                 [_thread_blocked, id=15432, stack(0x0000008e53900000,0x0000008e53a00000) (1024K)]
  0x000002509500ab70 JavaThread "Connection worker"                 [_thread_blocked, id=15436, stack(0x0000008e53a00000,0x0000008e53b00000) (1024K)]
  0x000002509500b200 JavaThread "Connection worker"                 [_thread_blocked, id=15440, stack(0x0000008e53b00000,0x0000008e53c00000) (1024K)]
  0x0000025095007d80 JavaThread "Connection worker"                 [_thread_blocked, id=15444, stack(0x0000008e53c00000,0x0000008e53d00000) (1024K)]
  0x000002509500bf20 JavaThread "Connection worker"                 [_thread_blocked, id=15448, stack(0x0000008e53d00000,0x0000008e53e00000) (1024K)]
  0x000002509500b890 JavaThread "Connection worker"                 [_thread_blocked, id=15452, stack(0x0000008e53e00000,0x0000008e53f00000) (1024K)]
  0x0000025095008aa0 JavaThread "Connection worker"                 [_thread_blocked, id=15456, stack(0x0000008e53f00000,0x0000008e54000000) (1024K)]
  0x00000250950097c0 JavaThread "Connection worker"                 [_thread_blocked, id=15460, stack(0x0000008e54000000,0x0000008e54100000) (1024K)]
  0x000002509500d2d0 JavaThread "Connection worker"                 [_thread_blocked, id=15468, stack(0x0000008e54100000,0x0000008e54200000) (1024K)]
  0x000002509500cc40 JavaThread "pool-30-thread-1"                  [_thread_blocked, id=15472, stack(0x0000008e54200000,0x0000008e54300000) (1024K)]
  0x000002509500c5b0 JavaThread "pool-4-thread-1"                   [_thread_blocked, id=15476, stack(0x0000008e54300000,0x0000008e54400000) (1024K)]
  0x0000025095009e50 JavaThread "pool-31-thread-1"                  [_thread_blocked, id=15480, stack(0x0000008e54400000,0x0000008e54500000) (1024K)]
  0x000002509500d960 JavaThread "pool-33-thread-1"                  [_thread_blocked, id=15484, stack(0x0000008e54500000,0x0000008e54600000) (1024K)]
  0x000002509500a4e0 JavaThread "pool-25-thread-1"                  [_thread_blocked, id=15488, stack(0x0000008e54600000,0x0000008e54700000) (1024K)]
  0x0000025095010de0 JavaThread "pool-19-thread-1"                  [_thread_blocked, id=15492, stack(0x0000008e54700000,0x0000008e54800000) (1024K)]
  0x0000025095011470 JavaThread "pool-7-thread-1"                   [_thread_blocked, id=15500, stack(0x0000008e54900000,0x0000008e54a00000) (1024K)]
  0x00000250950100c0 JavaThread "pool-44-thread-1"                  [_thread_blocked, id=15508, stack(0x0000008e54b00000,0x0000008e54c00000) (1024K)]
  0x0000025095011b00 JavaThread "pool-46-thread-1"                  [_thread_blocked, id=15512, stack(0x0000008e54c00000,0x0000008e54d00000) (1024K)]
  0x0000025095010750 JavaThread "pool-47-thread-1"                  [_thread_blocked, id=15516, stack(0x0000008e54d00000,0x0000008e54e00000) (1024K)]
  0x000002509500e680 JavaThread "pool-40-thread-1"                  [_thread_blocked, id=15520, stack(0x0000008e54e00000,0x0000008e54f00000) (1024K)]
  0x0000025095012820 JavaThread "pool-6-thread-1"                   [_thread_blocked, id=15532, stack(0x0000008e55100000,0x0000008e55200000) (1024K)]
  0x000002509500f3a0 JavaThread "pool-3-thread-1"                   [_thread_blocked, id=15536, stack(0x0000008e55200000,0x0000008e55300000) (1024K)]
  0x0000025095012eb0 JavaThread "pool-26-thread-1"                  [_thread_blocked, id=15552, stack(0x0000008e55600000,0x0000008e55700000) (1024K)]
  0x0000025095014f80 JavaThread "pool-24-thread-1"                  [_thread_blocked, id=15556, stack(0x0000008e55700000,0x0000008e55800000) (1024K)]
  0x0000025095014260 JavaThread "pool-23-thread-1"                  [_thread_blocked, id=15560, stack(0x0000008e55800000,0x0000008e55900000) (1024K)]
  0x0000025095017050 JavaThread "pool-18-thread-1"                  [_thread_blocked, id=15564, stack(0x0000008e55900000,0x0000008e55a00000) (1024K)]
  0x00000250950176e0 JavaThread "pool-36-thread-1"                  [_thread_blocked, id=15568, stack(0x0000008e55a00000,0x0000008e55b00000) (1024K)]
  0x0000025095016330 JavaThread "pool-12-thread-1"                  [_thread_blocked, id=15572, stack(0x0000008e55b00000,0x0000008e55c00000) (1024K)]
  0x00000250950169c0 JavaThread "pool-11-thread-1"                  [_thread_blocked, id=15576, stack(0x0000008e55c00000,0x0000008e55d00000) (1024K)]
  0x0000025095015ca0 JavaThread "pool-21-thread-1"                  [_thread_blocked, id=15580, stack(0x0000008e55d00000,0x0000008e55e00000) (1024K)]
  0x0000025095017d70 JavaThread "pool-20-thread-1"                  [_thread_blocked, id=15584, stack(0x0000008e55e00000,0x0000008e55f00000) (1024K)]
  0x0000025095018a90 JavaThread "pool-29-thread-1"                  [_thread_blocked, id=15588, stack(0x0000008e55f00000,0x0000008e56000000) (1024K)]
  0x0000025095018400 Thread "Unknown thread"                        [id=15592, stack(0x0000008e56000000,0x0000008e56100000) (1024K)]
  0x0000025095015610 JavaThread "pool-37-thread-1"                  [_thread_blocked, id=15596, stack(0x0000008e56100000,0x0000008e56200000) (1024K)]
  0x00000250977ba390 JavaThread "pool-41-thread-1"                  [_thread_blocked, id=15612, stack(0x0000008e56500000,0x0000008e56600000) (1024K)]
  0x000002509999d730 JavaThread "pool-49-thread-1"                  [_thread_blocked, id=15616, stack(0x0000008e56600000,0x0000008e56700000) (1024K)]
  0x00000250997b37b0 JavaThread "pool-45-thread-1"                  [_thread_blocked, id=15624, stack(0x0000008e56800000,0x0000008e56900000) (1024K)]
  0x00000250997b2a90 JavaThread "pool-50-thread-1"                  [_thread_blocked, id=15628, stack(0x0000008e56900000,0x0000008e56a00000) (1024K)]
  0x00000250997b2400 JavaThread "pool-51-thread-1"                  [_thread_blocked, id=15632, stack(0x0000008e56a00000,0x0000008e56b00000) (1024K)]
  0x00000250997b1050 JavaThread "pool-52-thread-1"                  [_thread_blocked, id=15636, stack(0x0000008e56b00000,0x0000008e56c00000) (1024K)]
  0x00000250997b3e40 JavaThread "pool-8-thread-1"                   [_thread_blocked, id=15640, stack(0x0000008e56c00000,0x0000008e56d00000) (1024K)]
  0x00000250997b4b60 JavaThread "pool-13-thread-1"                  [_thread_blocked, id=15648, stack(0x0000008e56e00000,0x0000008e56f00000) (1024K)]
  0x00000250997b16e0 JavaThread "pool-17-thread-1"                  [_thread_blocked, id=15652, stack(0x0000008e56f00000,0x0000008e57000000) (1024K)]
  0x00000250997b51f0 JavaThread "pool-10-thread-1"                  [_thread_blocked, id=15656, stack(0x0000008e57000000,0x0000008e57100000) (1024K)]
  0x00000250997b1d70 JavaThread "pool-9-thread-1"                   [_thread_blocked, id=15660, stack(0x0000008e57100000,0x0000008e57200000) (1024K)]
  0x00000250997b8d00 JavaThread "pool-22-thread-1"                  [_thread_blocked, id=15664, stack(0x0000008e57200000,0x0000008e57300000) (1024K)]
  0x00000250997b7950 JavaThread "pool-27-thread-1"                  [_thread_blocked, id=15668, stack(0x0000008e57300000,0x0000008e57400000) (1024K)]
  0x00000250997b5880 JavaThread "Connection worker"                 [_thread_blocked, id=15672, stack(0x0000008e57400000,0x0000008e57500000) (1024K)]
  0x00000250997b72c0 JavaThread "pool-53-thread-1"                  [_thread_blocked, id=15676, stack(0x0000008e57500000,0x0000008e57600000) (1024K)]
  0x00000250997b9390 JavaThread "Connection worker"                 [_thread_blocked, id=15680, stack(0x0000008e57600000,0x0000008e57700000) (1024K)]
  0x00000250997b7fe0 JavaThread "pool-54-thread-1"                  [_thread_blocked, id=15688, stack(0x0000008e57700000,0x0000008e57800000) (1024K)]
  0x00000250997b65a0 JavaThread "pool-55-thread-1"                  [_thread_blocked, id=15692, stack(0x0000008e57800000,0x0000008e57900000) (1024K)]
  0x00000250997b6c30 JavaThread "pool-56-thread-1"                  [_thread_blocked, id=15696, stack(0x0000008e57900000,0x0000008e57a00000) (1024K)]
  0x00000250997b8670 JavaThread "pool-57-thread-1"                  [_thread_blocked, id=15700, stack(0x0000008e57a00000,0x0000008e57b00000) (1024K)]
  0x00000250997b5f10 JavaThread "Connection worker"                 [_thread_blocked, id=15704, stack(0x0000008e57b00000,0x0000008e57c00000) (1024K)]
  0x00000250997bcea0 JavaThread "pool-58-thread-1"                  [_thread_blocked, id=15708, stack(0x0000008e57c00000,0x0000008e57d00000) (1024K)]
  0x00000250997bbaf0 JavaThread "Connection worker"                 [_thread_blocked, id=15712, stack(0x0000008e57d00000,0x0000008e57e00000) (1024K)]
  0x00000250997b9a20 JavaThread "pool-60-thread-1"                  [_thread_blocked, id=15720, stack(0x0000008e57f00000,0x0000008e58000000) (1024K)]
  0x00000250997bd530 JavaThread "pool-61-thread-1"                  [_thread_blocked, id=15724, stack(0x0000008e58000000,0x0000008e58100000) (1024K)]
  0x00000250997ba0b0 JavaThread "pool-63-thread-1"                  [_thread_blocked, id=15736, stack(0x0000008e58200000,0x0000008e58300000) (1024K)]
  0x00000250997bdbc0 JavaThread "pool-64-thread-1"                  [_thread_blocked, id=15740, stack(0x0000008e58300000,0x0000008e58400000) (1024K)]
  0x00000250997be250 JavaThread "pool-66-thread-1"                  [_thread_blocked, id=15748, stack(0x0000008e58500000,0x0000008e58600000) (1024K)]
  0x00000250997bb460 JavaThread "pool-69-thread-1"                  [_thread_blocked, id=15760, stack(0x0000008e58800000,0x0000008e58900000) (1024K)]
  0x00000250997bef70 JavaThread "Connection worker"                 [_thread_blocked, id=15764, stack(0x0000008e58900000,0x0000008e58a00000) (1024K)]
  0x00000250997c1040 JavaThread "pool-70-thread-1"                  [_thread_blocked, id=15768, stack(0x0000008e58a00000,0x0000008e58b00000) (1024K)]
  0x00000250997c09b0 JavaThread "pool-71-thread-1"                  [_thread_blocked, id=15772, stack(0x0000008e58b00000,0x0000008e58c00000) (1024K)]
  0x00000250997c16d0 JavaThread "pool-72-thread-1"                  [_thread_blocked, id=15776, stack(0x0000008e58c00000,0x0000008e58d00000) (1024K)]
  0x00000250997c0320 JavaThread "pool-73-thread-1"                  [_thread_blocked, id=15780, stack(0x0000008e58d00000,0x0000008e58e00000) (1024K)]
  0x00000250997bf600 JavaThread "pool-74-thread-1"                  [_thread_blocked, id=15784, stack(0x0000008e58e00000,0x0000008e58f00000) (1024K)]
  0x00000250997c2a80 JavaThread "pool-75-thread-1"                  [_thread_blocked, id=15792, stack(0x0000008e59000000,0x0000008e59100000) (1024K)]
  0x00000250997c1d60 JavaThread "pool-76-thread-1"                  [_thread_blocked, id=15796, stack(0x0000008e52700000,0x0000008e52800000) (1024K)]
  0x00000250997c5870 JavaThread "Worker-500: Initialize workspace"        [_thread_blocked, id=15816, stack(0x0000008e52300000,0x0000008e52400000) (1024K)]
  0x00000250997c51e0 JavaThread "pool-77-thread-1"                  [_thread_blocked, id=15820, stack(0x0000008e52600000,0x0000008e52700000) (1024K)]
  0x00000250997bfc90 JavaThread "pool-79-thread-1"                  [_thread_blocked, id=15840, stack(0x0000008e59200000,0x0000008e59300000) (1024K)]
  0x00000250997c6590 JavaThread "pool-78-thread-1"                  [_thread_blocked, id=15844, stack(0x0000008e59300000,0x0000008e59400000) (1024K)]
  0x00000250997c6c20 JavaThread "Connection worker"                 [_thread_blocked, id=15848, stack(0x0000008e59400000,0x0000008e59500000) (1024K)]
  0x00000250997c4b50 JavaThread "pool-80-thread-1"                  [_thread_blocked, id=15852, stack(0x0000008e59100000,0x0000008e59200000) (1024K)]
  0x00000250997c44c0 JavaThread "Exec process"                      [_thread_in_native, id=15856, stack(0x0000008e59500000,0x0000008e59600000) (1024K)]
  0x00000250997c3110 JavaThread "Exec process"                      [_thread_in_native, id=15860, stack(0x0000008e59600000,0x0000008e59700000) (1024K)]
  0x00000250997c37a0 JavaThread "Exec process"                      [_thread_in_native, id=15864, stack(0x0000008e59700000,0x0000008e59800000) (1024K)]
  0x00000250997c72b0 JavaThread "Exec process"                      [_thread_in_native, id=15868, stack(0x0000008e59800000,0x0000008e59900000) (1024K)]
  0x00000250997c3e30 JavaThread "Exec process"                      [_thread_in_native, id=15872, stack(0x0000008e59900000,0x0000008e59a00000) (1024K)]
  0x00000250997c7940 JavaThread "pool-81-thread-1"                  [_thread_blocked, id=15884, stack(0x0000008e58f00000,0x0000008e59000000) (1024K)]
  0x00000250997c5f00 JavaThread "pool-82-thread-1"                  [_thread_blocked, id=15888, stack(0x0000008e59a00000,0x0000008e59b00000) (1024K)]
  0x00000250997cadc0 JavaThread "Exec process Thread 2"             [_thread_blocked, id=15904, stack(0x0000008e59c00000,0x0000008e59d00000) (1024K)]
  0x00000250997c8660 JavaThread "Exec process Thread 2"             [_thread_blocked, id=15912, stack(0x0000008e59e00000,0x0000008e59f00000) (1024K)]
  0x00000250997c8cf0 JavaThread "pool-83-thread-1"                  [_thread_blocked, id=15916, stack(0x0000008e59f00000,0x0000008e5a000000) (1024K)]
  0x00000250997c7fd0 JavaThread "pool-84-thread-1"                  [_thread_blocked, id=15936, stack(0x0000008e59b00000,0x0000008e59c00000) (1024K)]
  0x00000250997ce8d0 JavaThread "Exec process Thread 2"             [_thread_blocked, id=15972, stack(0x0000008e5a300000,0x0000008e5a400000) (1024K)]
  0x00000250997ca0a0 JavaThread "Exec process"                      [_thread_in_native, id=15980, stack(0x0000008e5a000000,0x0000008e5a100000) (1024K)]
  0x00000250997ca730 JavaThread "Timer-107"                         [_thread_blocked, id=16008, stack(0x0000008e5a200000,0x0000008e5a300000) (1024K)]
  0x00000250997cdbb0 JavaThread "Connection worker"                 [_thread_blocked, id=16016, stack(0x0000008e5a400000,0x0000008e5a500000) (1024K)]
  0x00000250997ce240 JavaThread "Exec process Thread 2"             [_thread_blocked, id=16028, stack(0x0000008e5a700000,0x0000008e5a800000) (1024K)]
  0x00000250997cef60 JavaThread "Exec process Thread 2"             [_thread_blocked, id=16056, stack(0x0000008e5a900000,0x0000008e5aa00000) (1024K)]
  0x00000250997cbae0 JavaThread "pool-85-thread-1"                  [_thread_blocked, id=16100, stack(0x0000008e5a800000,0x0000008e5a900000) (1024K)]
  0x00000250997cce90 JavaThread "pool-86-thread-1"                  [_thread_blocked, id=16112, stack(0x0000008e5aa00000,0x0000008e5ab00000) (1024K)]
  0x00000250997cc800 JavaThread "Exec process"                      [_thread_in_native, id=16120, stack(0x0000008e5a600000,0x0000008e5a700000) (1024K)]
  0x00000250997cd520 JavaThread "pool-87-thread-1"                  [_thread_blocked, id=16124, stack(0x0000008e5ab00000,0x0000008e5ac00000) (1024K)]
  0x00000250997cf5f0 JavaThread "Exec process Thread 2"             [_thread_blocked, id=16132, stack(0x0000008e5ad00000,0x0000008e5ae00000) (1024K)]
  0x00000250997cb450 JavaThread "Connection worker"                 [_thread_blocked, id=16164, stack(0x0000008e5ac00000,0x0000008e5ad00000) (1024K)]
  0x00000250997cfc80 JavaThread "pool-88-thread-1"                  [_thread_blocked, id=16180, stack(0x0000008e5ae00000,0x0000008e5af00000) (1024K)]
  0x000002509501f390 JavaThread "Exec process Thread 2"             [_thread_blocked, id=16220, stack(0x0000008e5b000000,0x0000008e5b100000) (1024K)]
  0x0000025095001480 JavaThread "pool-89-thread-1"                  [_thread_blocked, id=16224, stack(0x0000008e5b100000,0x0000008e5b200000) (1024K)]
  0x0000025095002830 JavaThread "pool-90-thread-1"                  [_thread_blocked, id=16244, stack(0x0000008e5af00000,0x0000008e5b000000) (1024K)]
  0x00000250997d0310 JavaThread "Exec process"                      [_thread_in_native, id=16344, stack(0x0000008e5b200000,0x0000008e5b300000) (1024K)]
  0x00000250a3724360 JavaThread "pool-91-thread-1"                  [_thread_blocked, id=16356, stack(0x0000008e5b300000,0x0000008e5b400000) (1024K)]
  0x00000250a3723cd0 JavaThread "pool-92-thread-1"                  [_thread_blocked, id=16372, stack(0x0000008e5b400000,0x0000008e5b500000) (1024K)]
  0x00000250a3722fb0 JavaThread "Exec process"                      [_thread_in_native, id=2300, stack(0x0000008e5b500000,0x0000008e5b600000) (1024K)]
  0x00000250a3723640 JavaThread "Exec process Thread 2"             [_thread_blocked, id=15808, stack(0x0000008e5b700000,0x0000008e5b800000) (1024K)]
  0x00000250a3720ee0 JavaThread "pool-93-thread-1"                  [_thread_blocked, id=15968, stack(0x0000008e5b600000,0x0000008e5b700000) (1024K)]
  0x00000250a3722920 JavaThread "pool-94-thread-1"                  [_thread_blocked, id=16048, stack(0x0000008e5b800000,0x0000008e5b900000) (1024K)]
  0x00000250a37249f0 JavaThread "Exec process"                      [_thread_in_native, id=16216, stack(0x0000008e5b900000,0x0000008e5ba00000) (1024K)]
  0x00000250a3725080 JavaThread "Exec process Thread 2"             [_thread_blocked, id=16408, stack(0x0000008e5bb00000,0x0000008e5bc00000) (1024K)]
  0x00000250a3721c00 JavaThread "Exec process Thread 2"             [_thread_blocked, id=16440, stack(0x0000008e5bc00000,0x0000008e5bd00000) (1024K)]
  0x00000250a3721570 JavaThread "pool-95-thread-1"                  [_thread_blocked, id=16532, stack(0x0000008e5ba00000,0x0000008e5bb00000) (1024K)]
  0x00000250a3725710 JavaThread "Exec process"                      [_thread_in_native, id=16568, stack(0x0000008e5bd00000,0x0000008e5be00000) (1024K)]
  0x00000250a3728500 JavaThread "Exec process Thread 2"             [_thread_blocked, id=16656, stack(0x0000008e5bf00000,0x0000008e5c000000) (1024K)]
  0x00000250a3722290 JavaThread "pool-96-thread-1"                  [_thread_blocked, id=16704, stack(0x0000008e5be00000,0x0000008e5bf00000) (1024K)]
  0x00000250a3726ac0 JavaThread "pool-97-thread-1"                  [_thread_blocked, id=16708, stack(0x0000008e5c000000,0x0000008e5c100000) (1024K)]
  0x00000250a3728b90 JavaThread "pool-98-thread-1"                  [_thread_blocked, id=16712, stack(0x0000008e5c100000,0x0000008e5c200000) (1024K)]
  0x00000250a3725da0 JavaThread "Exec process"                      [_thread_in_native, id=16840, stack(0x0000008e5c300000,0x0000008e5c400000) (1024K)]
  0x00000250a37298b0 JavaThread "pool-99-thread-1"                  [_thread_blocked, id=16872, stack(0x0000008e5c500000,0x0000008e5c600000) (1024K)]
  0x00000250a3729f40 JavaThread "Exec process Thread 2"             [_thread_blocked, id=16908, stack(0x0000008e5c700000,0x0000008e5c800000) (1024K)]
  0x00000250a3727e70 JavaThread "pool-100-thread-1"                 [_thread_blocked, id=16936, stack(0x0000008e5c600000,0x0000008e5c700000) (1024K)]
  0x00000250a3726430 JavaThread "Exec process"                      [_thread_in_native, id=16988, stack(0x0000008e5c800000,0x0000008e5c900000) (1024K)]
  0x00000250a372a5d0 JavaThread "pool-101-thread-1"                 [_thread_blocked, id=16996, stack(0x0000008e5c900000,0x0000008e5ca00000) (1024K)]
  0x00000250a372c010 JavaThread "Exec process Thread 2"             [_thread_blocked, id=17076, stack(0x0000008e5cb00000,0x0000008e5cc00000) (1024K)]
  0x00000250a372c6a0 JavaThread "Exec process"                      [_thread_in_native, id=17080, stack(0x0000008e5cc00000,0x0000008e5cd00000) (1024K)]
  0x00000250a372cd30 JavaThread "pool-102-thread-1"                 [_thread_blocked, id=17108, stack(0x0000008e5cd00000,0x0000008e5ce00000) (1024K)]
  0x00000250a372b2f0 JavaThread "Exec process Thread 2"             [_thread_blocked, id=17192, stack(0x0000008e5ce00000,0x0000008e5cf00000) (1024K)]
  0x00000250a3727150 JavaThread "Exec process"                      [_thread_in_native, id=17236, stack(0x0000008e5ca00000,0x0000008e5cb00000) (1024K)]
  0x00000250a372b980 JavaThread "pool-103-thread-1"                 [_thread_blocked, id=17268, stack(0x0000008e5cf00000,0x0000008e5d000000) (1024K)]
  0x00000250a372e0e0 JavaThread "pool-104-thread-1"                 [_thread_blocked, id=17280, stack(0x0000008e5d000000,0x0000008e5d100000) (1024K)]
  0x00000250a372ac60 JavaThread "pool-105-thread-1"                 [_thread_blocked, id=17336, stack(0x0000008e5d100000,0x0000008e5d200000) (1024K)]
  0x00000250a372d3c0 JavaThread "Exec process"                      [_thread_in_native, id=17396, stack(0x0000008e5d200000,0x0000008e5d300000) (1024K)]
  0x00000250a3731560 JavaThread "Exec process Thread 2"             [_thread_blocked, id=16424, stack(0x0000008e5d400000,0x0000008e5d500000) (1024K)]
  0x00000250a372da50 JavaThread "pool-106-thread-1"                 [_thread_blocked, id=16892, stack(0x0000008e5d300000,0x0000008e5d400000) (1024K)]
  0x00000250a3730ed0 JavaThread "Exec process Thread 2"             [_thread_blocked, id=14348, stack(0x0000008e5d600000,0x0000008e5d700000) (1024K)]
  0x00000250a372f490 JavaThread "Exec process"                      [_thread_in_native, id=9952, stack(0x0000008e5d500000,0x0000008e5d600000) (1024K)]
  0x00000250a3731bf0 JavaThread "Exec process Thread 2"             [_thread_blocked, id=17496, stack(0x0000008e5d800000,0x0000008e5d900000) (1024K)]
  0x00000250a372fb20 JavaThread "Exec process"                      [_thread_in_native, id=17508, stack(0x0000008e5d900000,0x0000008e5da00000) (1024K)]
  0x00000250a372e770 JavaThread "pool-107-thread-1"                 [_thread_blocked, id=17512, stack(0x0000008e5d700000,0x0000008e5d800000) (1024K)]
  0x00000250a37301b0 JavaThread "Exec process Thread 2"             [_thread_blocked, id=17604, stack(0x0000008e5db00000,0x0000008e5dc00000) (1024K)]
  0x00000250a372ee00 JavaThread "Exec process"                      [_thread_in_native, id=17616, stack(0x0000008e5dc00000,0x0000008e5dd00000) (1024K)]
  0x00000250a3732280 JavaThread "Exec process Thread 2"             [_thread_blocked, id=17656, stack(0x0000008e5dd00000,0x0000008e5de00000) (1024K)]
  0x00000250a3734350 JavaThread "pool-108-thread-1"                 [_thread_blocked, id=17720, stack(0x0000008e5e000000,0x0000008e5e100000) (1024K)]
  0x00000250a3733630 JavaThread "Exec process"                      [_thread_in_native, id=17780, stack(0x0000008e5a100000,0x0000008e5a200000) (1024K)]
  0x00000250a3733cc0 JavaThread "Exec process"                      [_thread_in_native, id=17824, stack(0x0000008e5a500000,0x0000008e5a600000) (1024K)]
  0x00000250a37349e0 JavaThread "Worker-511: Initialize workspace"        [_thread_blocked, id=17828, stack(0x0000008e5e100000,0x0000008e5e200000) (1024K)]
  0x00000250a3732fa0 JavaThread "Exec process Thread 2"             [_thread_blocked, id=17840, stack(0x0000008e5e400000,0x0000008e5e500000) (1024K)]
  0x00000250a3730840 JavaThread "Exec process Thread 2"             [_thread_blocked, id=17896, stack(0x0000008e5e600000,0x0000008e5e700000) (1024K)]
  0x00000250a3735070 JavaThread "Exec process"                      [_thread_in_native, id=18108, stack(0x0000008e5da00000,0x0000008e5db00000) (1024K)]
  0x00000250a3732910 JavaThread "Exec process"                      [_thread_in_native, id=18136, stack(0x0000008e5e200000,0x0000008e5e300000) (1024K)]
  0x00000250a3736ab0 JavaThread "Exec process"                      [_thread_in_native, id=18204, stack(0x0000008e5e500000,0x0000008e5e600000) (1024K)]
  0x00000250a3735d90 JavaThread "Exec process Thread 2"             [_thread_blocked, id=18212, stack(0x0000008e5e800000,0x0000008e5e900000) (1024K)]
  0x00000250a3736420 JavaThread "Exec process Thread 2"             [_thread_blocked, id=18228, stack(0x0000008e5e900000,0x0000008e5ea00000) (1024K)]
  0x00000250a3739f30 JavaThread "Exec process"                      [_thread_in_native, id=18304, stack(0x0000008e5e700000,0x0000008e5e800000) (1024K)]
  0x00000250a37377d0 JavaThread "Timer-108"                         [_thread_blocked, id=18416, stack(0x0000008e5ec00000,0x0000008e5ed00000) (1024K)]
  0x00000250a373a5c0 JavaThread "Exec process Thread 2"             [_thread_blocked, id=17600, stack(0x0000008e5ef00000,0x0000008e5f000000) (1024K)]
  0x00000250a3737e60 JavaThread "Exec process Thread 2"             [_thread_blocked, id=15964, stack(0x0000008e5f100000,0x0000008e5f200000) (1024K)]
  0x00000250a373ac50 JavaThread "Exec process"                      [_thread_in_native, id=17556, stack(0x0000008e5f000000,0x0000008e5f100000) (1024K)]
  0x00000250a373b2e0 JavaThread "Exec process Thread 2"             [_thread_blocked, id=18576, stack(0x0000008e5f500000,0x0000008e5f600000) (1024K)]
  0x00000250a373d3b0 JavaThread "Exec process"                      [_thread_in_native, id=18580, stack(0x0000008e5f600000,0x0000008e5f700000) (1024K)]
  0x00000250a37398a0 JavaThread "Worker-521: Initialize workspace"        [_thread_blocked, id=18584, stack(0x0000008e5ee00000,0x0000008e5ef00000) (1024K)]
  0x00000250a373e0d0 JavaThread "Exec process Thread 2"             [_thread_blocked, id=18628, stack(0x0000008e5f700000,0x0000008e5f800000) (1024K)]
  0x00000250a3735700 JavaThread "Connection worker"                 [_thread_blocked, id=18968, stack(0x0000008e59d00000,0x0000008e59e00000) (1024K)]
  0x00000250a3738b80 JavaThread "Exec process"                      [_thread_in_native, id=19120, stack(0x0000008e5fd00000,0x0000008e5fe00000) (1024K)]
  0x00000250997c9380 JavaThread "pool-110-thread-1"                 [_thread_blocked, id=19180, stack(0x0000008e5fe00000,0x0000008e5ff00000) (1024K)]
  0x00000250997cc170 JavaThread "Exec process Thread 2"             [_thread_blocked, id=19188, stack(0x0000008e60000000,0x0000008e60100000) (1024K)]
  0x00000250997c9a10 JavaThread "Exec process"                      [_thread_in_native, id=19212, stack(0x0000008e5ff00000,0x0000008e60000000) (1024K)]
  0x00000250991878e0 JavaThread "Timer-109"                         [_thread_blocked, id=19264, stack(0x0000008e60100000,0x0000008e60200000) (1024K)]
  0x0000025099185ea0 JavaThread "Exec process Thread 2"             [_thread_blocked, id=19304, stack(0x0000008e60300000,0x0000008e60400000) (1024K)]
  0x0000025099185180 JavaThread "Exec process"                      [_thread_in_native, id=19604, stack(0x0000008e60600000,0x0000008e60700000) (1024K)]
  0x000002509918a6d0 JavaThread "Worker-532: Initialize workspace"        [_thread_blocked, id=19696, stack(0x0000008e5fb00000,0x0000008e5fc00000) (1024K)]
  0x000002509918ad60 JavaThread "Exec process Thread 2"             [_thread_blocked, id=19704, stack(0x0000008e60800000,0x0000008e60900000) (1024K)]
  0x000002509918b3f0 JavaThread "Exec process"                      [_thread_in_native, id=19720, stack(0x0000008e60a00000,0x0000008e60b00000) (1024K)]
  0x0000025099187250 JavaThread "Exec process"                      [_thread_in_native, id=19776, stack(0x0000008e5ea00000,0x0000008e5eb00000) (1024K)]
  0x00000250991899b0 JavaThread "Exec process Thread 2"             [_thread_blocked, id=19788, stack(0x0000008e60c00000,0x0000008e60d00000) (1024K)]
  0x0000025099189320 JavaThread "Timer-110"                         [_thread_blocked, id=19824, stack(0x0000008e60b00000,0x0000008e60c00000) (1024K)]
  0x000002509918ef00 JavaThread "Exec process"                      [_thread_in_native, id=19832, stack(0x0000008e61000000,0x0000008e61100000) (1024K)]
  0x000002509918e870 JavaThread "Exec process Thread 2"             [_thread_blocked, id=19840, stack(0x0000008e61200000,0x0000008e61300000) (1024K)]
  0x000002509918ce30 JavaThread "Exec process Thread 2"             [_thread_blocked, id=19916, stack(0x0000008e61400000,0x0000008e61500000) (1024K)]
  0x000002509918ba80 JavaThread "Worker-542: Initialize workspace"        [_thread_blocked, id=20364, stack(0x0000008e60e00000,0x0000008e60f00000) (1024K)]
  0x000002509918a040 JavaThread "Exec process"                      [_thread_in_native, id=20400, stack(0x0000008e60f00000,0x0000008e61000000) (1024K)]
  0x000002509918c110 JavaThread "Connection worker"                 [_thread_blocked, id=20436, stack(0x0000008e61100000,0x0000008e61200000) (1024K)]
  0x000002509918fc20 JavaThread "Connection worker"                 [_thread_blocked, id=20456, stack(0x0000008e61500000,0x0000008e61600000) (1024K)]
  0x000002509918db50 JavaThread "pool-111-thread-1"                 [_thread_blocked, id=20460, stack(0x0000008e61600000,0x0000008e61700000) (1024K)]
  0x000002509918f590 JavaThread "Exec process Thread 2"             [_thread_blocked, id=19708, stack(0x0000008e61300000,0x0000008e61400000) (1024K)]
  0x000002509918e1e0 JavaThread "Exec process"                      [_thread_in_native, id=6388, stack(0x0000008e61700000,0x0000008e61800000) (1024K)]
  0x0000025099186530 JavaThread "Exec process"                      [_thread_in_native, id=8936, stack(0x0000008e60d00000,0x0000008e60e00000) (1024K)]
  0x000002509918c7a0 JavaThread "Exec process Thread 2"             [_thread_blocked, id=17360, stack(0x0000008e61800000,0x0000008e61900000) (1024K)]
  0x0000025099192380 JavaThread "Exec process Thread 2"             [_thread_blocked, id=17244, stack(0x0000008e61900000,0x0000008e61a00000) (1024K)]
  0x0000025099191cf0 JavaThread "Exec process"                      [_thread_in_native, id=20492, stack(0x0000008e61a00000,0x0000008e61b00000) (1024K)]
  0x0000025099193730 JavaThread "Exec process Thread 2"             [_thread_blocked, id=20596, stack(0x0000008e61c00000,0x0000008e61d00000) (1024K)]
  0x0000025099193dc0 JavaThread "pool-112-thread-1"                 [_thread_blocked, id=20608, stack(0x0000008e61d00000,0x0000008e61e00000) (1024K)]
  0x00000250991902b0 JavaThread "Exec process"                      [_thread_in_native, id=20764, stack(0x0000008e61b00000,0x0000008e61c00000) (1024K)]
  0x0000025099190940 JavaThread "Exec process"                      [_thread_in_native, id=20784, stack(0x0000008e61f00000,0x0000008e62000000) (1024K)]
  0x0000025099190fd0 JavaThread "Exec process Thread 2"             [_thread_blocked, id=20844, stack(0x0000008e62200000,0x0000008e62300000) (1024K)]
  0x0000025099191660 JavaThread "Exec process Thread 2"             [_thread_blocked, id=20988, stack(0x0000008e62400000,0x0000008e62500000) (1024K)]
  0x0000025099197240 JavaThread "Exec process"                      [_thread_in_native, id=21244, stack(0x0000008e62300000,0x0000008e62400000) (1024K)]
  0x0000025099194ae0 JavaThread "Timer-111"                         [_thread_blocked, id=21372, stack(0x0000008e62500000,0x0000008e62600000) (1024K)]
  0x0000025099195e90 JavaThread "Exec process Thread 2"             [_thread_blocked, id=21468, stack(0x0000008e62800000,0x0000008e62900000) (1024K)]
  0x0000025099195170 JavaThread "Exec process"                      [_thread_in_native, id=20868, stack(0x0000008e62700000,0x0000008e62800000) (1024K)]
  0x0000025099196520 JavaThread "Exec process"                      [_thread_in_native, id=10896, stack(0x0000008e62b00000,0x0000008e62c00000) (1024K)]
  0x0000025099198c80 JavaThread "Exec process Thread 2"             [_thread_blocked, id=20980, stack(0x0000008e62d00000,0x0000008e62e00000) (1024K)]
  0x0000025099199310 JavaThread "Exec process Thread 2"             [_thread_blocked, id=20848, stack(0x0000008e62e00000,0x0000008e62f00000) (1024K)]
  0x00000250991999a0 JavaThread "Exec process"                      [_thread_in_native, id=17432, stack(0x0000008e62f00000,0x0000008e63000000) (1024K)]
  0x0000025099196bb0 JavaThread "Exec process Thread 2"             [_thread_blocked, id=21584, stack(0x0000008e63100000,0x0000008e63200000) (1024K)]
  0x0000025099195800 JavaThread "Exec process"                      [_thread_in_native, id=21704, stack(0x0000008e62100000,0x0000008e62200000) (1024K)]
  0x0000025099194450 JavaThread "Connection worker"                 [_thread_blocked, id=21872, stack(0x0000008e62000000,0x0000008e62100000) (1024K)]
  0x00000250991930a0 JavaThread "Worker-556: Initialize workspace"        [_thread_blocked, id=21976, stack(0x0000008e62900000,0x0000008e62a00000) (1024K)]
  0x000002509919c790 JavaThread "Exec process Thread 2"             [_thread_blocked, id=22004, stack(0x0000008e63200000,0x0000008e63300000) (1024K)]
  0x000002509919e860 JavaThread "Exec process"                      [_thread_in_native, id=22444, stack(0x0000008e63b00000,0x0000008e63c00000) (1024K)]
  0x000002509919eef0 JavaThread "Exec process Thread 2"             [_thread_blocked, id=22464, stack(0x0000008e63d00000,0x0000008e63e00000) (1024K)]
  0x000002509919e1d0 JavaThread "Exec process"                      [_thread_in_native, id=6792, stack(0x0000008e63800000,0x0000008e63900000) (1024K)]
  0x00000250991a0fc0 JavaThread "pool-113-thread-1"                 [_thread_blocked, id=9232, stack(0x0000008e63e00000,0x0000008e63f00000) (1024K)]
  0x00000250991a0930 JavaThread "Exec process Thread 2"             [_thread_blocked, id=22560, stack(0x0000008e64200000,0x0000008e64300000) (1024K)]
  0x00000250a373cd20 JavaThread "Exec process"                      [_thread_in_native, id=23064, stack(0x0000008e64800000,0x0000008e64900000) (1024K)]
  0x00000250995cf400 JavaThread "Exec process Thread 2"             [_thread_blocked, id=23396, stack(0x0000008e63c00000,0x0000008e63d00000) (1024K)]
  0x00000250995cc610 JavaThread "Exec process"                      [_thread_in_native, id=23400, stack(0x0000008e64c00000,0x0000008e64d00000) (1024K)]
  0x00000250995ccca0 JavaThread "Exec process Thread 2"             [_thread_blocked, id=23476, stack(0x0000008e63500000,0x0000008e63600000) (1024K)]
  0x00000250995cbf80 JavaThread "Exec process"                      [_thread_in_native, id=23536, stack(0x0000008e58400000,0x0000008e58500000) (1024K)]
  0x00000250995d0120 JavaThread "Timer-112"                         [_thread_blocked, id=19684, stack(0x0000008e5f300000,0x0000008e5f400000) (1024K)]
  0x00000250995cd330 JavaThread "Connection worker"                 [_thread_blocked, id=7264, stack(0x0000008e50e00000,0x0000008e50f00000) (1024K)]
  0x00000250995cfa90 JavaThread "Connection worker"                 [_thread_blocked, id=23428, stack(0x0000008e51f00000,0x0000008e52000000) (1024K)]
  0x00000250995ced70 JavaThread "Connection worker"                 [_thread_blocked, id=23212, stack(0x0000008e54f00000,0x0000008e55000000) (1024K)]
  0x00000250995d21f0 JavaThread "Connection worker"                 [_thread_blocked, id=23328, stack(0x0000008e51c00000,0x0000008e51d00000) (1024K)]
  0x00000250995d2880 JavaThread "Connection worker"                 [_thread_blocked, id=23324, stack(0x0000008e56300000,0x0000008e56400000) (1024K)]
  0x00000250995d07b0 JavaThread "Connection worker"                 [_thread_blocked, id=22680, stack(0x0000008e4e300000,0x0000008e4e400000) (1024K)]
  0x00000250995d0e40 JavaThread "Exec process"                      [_thread_in_native, id=21984, stack(0x0000008e4e500000,0x0000008e4e600000) (1024K)]
  0x00000250995cd9c0 JavaThread "Worker-563: Initialize workspace"        [_thread_blocked, id=22396, stack(0x0000008e55300000,0x0000008e55400000) (1024K)]
  0x00000250995d2f10 JavaThread "Connection worker"                 [_thread_blocked, id=20360, stack(0x0000008e4f400000,0x0000008e4f500000) (1024K)]
  0x00000250995d3c30 JavaThread "Exec process Thread 2"             [_thread_blocked, id=22816, stack(0x0000008e5c200000,0x0000008e5c300000) (1024K)]
  0x00000250995d4950 JavaThread "Exec process"                      [_thread_in_native, id=7452, stack(0x0000008e55000000,0x0000008e55100000) (1024K)]
  0x00000250995d35a0 JavaThread "Connection worker"                 [_thread_blocked, id=15524, stack(0x0000008e4e800000,0x0000008e4e900000) (1024K)]
  0x00000250995d14d0 JavaThread "Connection worker"                 [_thread_blocked, id=2644, stack(0x0000008e4ef00000,0x0000008e4f000000) (1024K)]
  0x00000250995d4fe0 JavaThread "Connection worker"                 [_thread_blocked, id=22928, stack(0x0000008e50f00000,0x0000008e51000000) (1024K)]
  0x00000250995d1b60 JavaThread "Connection worker"                 [_thread_blocked, id=23012, stack(0x0000008e54800000,0x0000008e54900000) (1024K)]
  0x00000250995d5d00 JavaThread "Exec process"                      [_thread_in_native, id=17372, stack(0x0000008e55400000,0x0000008e55500000) (1024K)]
  0x00000250995d7dd0 JavaThread "Exec process"                      [_thread_in_native, id=19964, stack(0x0000008e55500000,0x0000008e55600000) (1024K)]
  0x00000250995d8460 JavaThread "Connection worker"                 [_thread_blocked, id=23320, stack(0x0000008e56200000,0x0000008e56300000) (1024K)]
  0x00000250995d8af0 JavaThread "Connection worker"                 [_thread_blocked, id=22692, stack(0x0000008e56400000,0x0000008e56500000) (1024K)]
  0x00000250995ce6e0 JavaThread "Connection worker"                 [_thread_blocked, id=22588, stack(0x0000008e56700000,0x0000008e56800000) (1024K)]
  0x00000250995d5670 JavaThread "Connection worker"                 [_thread_blocked, id=16432, stack(0x0000008e56d00000,0x0000008e56e00000) (1024K)]
  0x00000250995d9180 JavaThread "Connection worker"                 [_thread_blocked, id=17056, stack(0x0000008e50c00000,0x0000008e50d00000) (1024K)]
  0x00000250995d9810 JavaThread "Exec process"                      [_thread_in_native, id=17200, stack(0x0000008e4df00000,0x0000008e4e000000) (1024K)]
  0x00000250995d6a20 JavaThread "Exec process Thread 2"             [_thread_blocked, id=17376, stack(0x0000008e4ec00000,0x0000008e4ed00000) (1024K)]
  0x00000250995d70b0 JavaThread "Exec process Thread 2"             [_thread_blocked, id=18412, stack(0x0000008e51900000,0x0000008e51a00000) (1024K)]
  0x00000250995dabc0 JavaThread "Exec process Thread 2"             [_thread_blocked, id=20616, stack(0x0000008e51d00000,0x0000008e51e00000) (1024K)]
  0x00000250995dbf70 JavaThread "Exec process Thread 2"             [_thread_blocked, id=22980, stack(0x0000008e57e00000,0x0000008e57f00000) (1024K)]
  0x00000250995d9ea0 JavaThread "Connection worker"                 [_thread_blocked, id=19592, stack(0x0000008e4e900000,0x0000008e4ea00000) (1024K)]
  0x00000250995d7740 JavaThread "Connection worker"                 [_thread_blocked, id=19596, stack(0x0000008e51700000,0x0000008e51800000) (1024K)]
  0x00000250995dc600 JavaThread "Exec process Thread 2"             [_thread_blocked, id=19616, stack(0x0000008e58100000,0x0000008e58200000) (1024K)]
  0x00000250995dd320 JavaThread "Exec process"                      [_thread_in_native, id=22124, stack(0x0000008e54a00000,0x0000008e54b00000) (1024K)]
  0x00000250995dd9b0 JavaThread "Connection worker"                 [_thread_blocked, id=22660, stack(0x0000008e58600000,0x0000008e58700000) (1024K)]
  0x00000250995db250 JavaThread "Exec process"                      [_thread_in_native, id=23060, stack(0x0000008e58700000,0x0000008e58800000) (1024K)]
  0x00000250995db8e0 JavaThread "Exec process Thread 2"             [_thread_blocked, id=23356, stack(0x0000008e5e300000,0x0000008e5e400000) (1024K)]
  0x00000250995dcc90 JavaThread "Worker-566: Initialize workspace"        [_thread_blocked, id=22932, stack(0x0000008e5c400000,0x0000008e5c500000) (1024K)]
  0x00000250995da530 JavaThread "Exec process"                      [_thread_in_native, id=19500, stack(0x0000008e40100000,0x0000008e40200000) (1024K)]
  0x00000250995dfa80 JavaThread "Exec process"                      [_thread_in_native, id=19504, stack(0x0000008e5eb00000,0x0000008e5ec00000) (1024K)]
  0x00000250995e14c0 JavaThread "Exec process"                      [_thread_in_native, id=19520, stack(0x0000008e5ed00000,0x0000008e5ee00000) (1024K)]
  0x00000250995e0e30 JavaThread "Exec process Thread 2"             [_thread_blocked, id=15528, stack(0x0000008e5f400000,0x0000008e5f500000) (1024K)]
  0x00000250995ded60 JavaThread "Exec process Thread 2"             [_thread_blocked, id=20340, stack(0x0000008e5fa00000,0x0000008e5fb00000) (1024K)]
  0x00000250995e07a0 JavaThread "Exec process"                      [_thread_in_native, id=19716, stack(0x0000008e5fc00000,0x0000008e5fd00000) (1024K)]
  0x00000250995de6d0 JavaThread "pool-114-thread-1"                 [_thread_blocked, id=19892, stack(0x0000008e60400000,0x0000008e60500000) (1024K)]
  0x00000250995e21e0 JavaThread "Timer-113"                         [_thread_blocked, id=20636, stack(0x0000008e5f200000,0x0000008e5f300000) (1024K)]
  0x00000250995e2f00 JavaThread "Exec process Thread 2"             [_thread_blocked, id=19560, stack(0x0000008e5f900000,0x0000008e5fa00000) (1024K)]
  0x00000250995de040 JavaThread "Exec process Thread 2"             [_thread_blocked, id=20016, stack(0x0000008e60700000,0x0000008e60800000) (1024K)]
  0x00000250995e3590 JavaThread "Exec process Thread 2"             [_thread_blocked, id=20032, stack(0x0000008e60900000,0x0000008e60a00000) (1024K)]
  0x00000250995e0110 JavaThread "Exec process"                      [_thread_in_native, id=20052, stack(0x0000008e61e00000,0x0000008e61f00000) (1024K)]
  0x00000250995e42b0 JavaThread "Exec process Thread 2"             [_thread_blocked, id=21344, stack(0x0000008e63000000,0x0000008e63100000) (1024K)]
  0x00000250995e2870 JavaThread "Exec process"                      [_thread_in_native, id=4860, stack(0x0000008e60200000,0x0000008e60300000) (1024K)]
  0x00000250995e4fd0 JavaThread "Exec process Thread 2"             [_thread_blocked, id=22908, stack(0x0000008e63300000,0x0000008e63400000) (1024K)]
  0x00000250995d42c0 JavaThread "Worker-570: Initialize Workspace"        [_thread_in_native, id=8848, stack(0x0000008e4f800000,0x0000008e4f900000) (1024K)]
  0x00000250995e1b50 JavaThread "Connection worker"                 [_thread_blocked, id=18772, stack(0x0000008e5f800000,0x0000008e5f900000) (1024K)]
  0x00000250995e3c20 JavaThread "pool-115-thread-1"                 [_thread_blocked, id=19492, stack(0x0000008e63400000,0x0000008e63500000) (1024K)]
  0x00000250995e3c20 JavaThread "pool-115-thread-1"                 [_thread_blocked, id=19492, stack(0x0000008e63400000,0x0000008e63500000) (1024K)]
Total: 593

Other Threads:
  0x00000250376fdea0 VMThread "VM Thread"                           [id=14524, stack(0x0000008e3e200000,0x0000008e3e300000) (1024K)]
  0x000002508f0dca10 WatcherThread "VM Periodic Task Thread"        [id=15160, stack(0x0000008e3e100000,0x0000008e3e200000) (1024K)]
  0x0000025037657ec0 WorkerThread "GC Thread#0"                     [id=7956, stack(0x0000008e3e000000,0x0000008e3e100000) (1024K)]
  0x0000025090cae5d0 WorkerThread "GC Thread#1"                     [id=11744, stack(0x0000008e3ee00000,0x0000008e3ef00000) (1024K)]
  0x0000025090ca8b90 WorkerThread "GC Thread#2"                     [id=9024, stack(0x0000008e3ef00000,0x0000008e3f000000) (1024K)]
  0x0000025090ca8f40 WorkerThread "GC Thread#3"                     [id=9984, stack(0x0000008e3f000000,0x0000008e3f100000) (1024K)]
  0x0000025090ca92f0 WorkerThread "GC Thread#4"                     [id=2024, stack(0x0000008e3f100000,0x0000008e3f200000) (1024K)]
  0x0000025095560d50 WorkerThread "GC Thread#5"                     [id=12440, stack(0x0000008e3f200000,0x0000008e3f300000) (1024K)]
  0x00000250954ee750 WorkerThread "GC Thread#6"                     [id=6100, stack(0x0000008e3f300000,0x0000008e3f400000) (1024K)]
  0x00000250957839c0 WorkerThread "GC Thread#7"                     [id=7092, stack(0x0000008e3f500000,0x0000008e3f600000) (1024K)]
Total: 10

Threads with active compile tasks:
C2 CompilerThread0  139223 14202   !   4       java.util.Formatter::format (284 bytes)
Total: 1

VM state: not at safepoint (normal execution)

VM Mutex/Monitor currently owned by a thread: None

Heap address: 0x0000000080000000, size: 2048 MB, Compressed Oops mode: 32-bit

CDS archive(s) mapped at: [0x000002504e000000-0x000002504eba0000-0x000002504eba0000), size 12189696, SharedBaseAddress: 0x000002504e000000, ArchiveRelocationMode: 1.
Compressed class space mapped at: 0x000002504f000000-0x000002508f000000, reserved size: 1073741824
Narrow klass base: 0x000002504e000000, Narrow klass shift: 0, Narrow klass range: 0x100000000

GC Precious Log:
 CardTable entry size: 512
 CPUs: 8 total, 8 available
 Memory: 7965M
 Large Page Support: Disabled
 NUMA Support: Disabled
 Compressed Oops: Enabled (32-bit)
 Alignments: Space 512K, Generation 512K, Heap 2M
 Heap Min Capacity: 100M
 Heap Initial Capacity: 100M
 Heap Max Capacity: 2G
 Pre-touch: Disabled
 Parallel Workers: 8

Heap:
 PSYoungGen      total 15872K, used 6113K [0x00000000d5580000, 0x00000000d6b80000, 0x0000000100000000)
  eden space 14336K, 31% used [0x00000000d5580000,0x00000000d59f87b0,0x00000000d6380000)
  from space 1536K, 99% used [0x00000000d6480000,0x00000000d65fff50,0x00000000d6600000)
  to   space 4096K, 0% used [0x00000000d6780000,0x00000000d6780000,0x00000000d6b80000)
 ParOldGen       total 1255936K, used 1255499K [0x0000000080000000, 0x00000000cca80000, 0x00000000d5580000)
  object space 1255936K, 99% used [0x0000000080000000,0x00000000cca12c48,0x00000000cca80000)
 Metaspace       used 64776K, committed 66816K, reserved 1114112K
  class space    used 7530K, committed 8448K, reserved 1048576K

Card table byte_map: [0x0000025037000000,0x0000025037410000] _byte_map_base: 0x0000025036c00000

Marking Bits: (ParMarkBitMap*) 0x00007fff343744a0
 Begin Bits: [0x0000025049af0000, 0x000002504baf0000)
 End Bits:   [0x000002504baf0000, 0x000002504daf0000)

Polling page: 0x0000025035640000

Metaspace:

Usage:
  Non-class:     55.90 MB used.
      Class:      7.35 MB used.
       Both:     63.26 MB used.

Virtual space:
  Non-class space:       64.00 MB reserved,      57.00 MB ( 89%) committed,  1 nodes.
      Class space:        1.00 GB reserved,       8.25 MB ( <1%) committed,  1 nodes.
             Both:        1.06 GB reserved,      65.25 MB (  6%) committed. 

Chunk freelists:
   Non-Class:  6.65 MB
       Class:  7.80 MB
        Both:  14.46 MB

MaxMetaspaceSize: unlimited
CompressedClassSpaceSize: 1.00 GB
Initial GC threshold: 21.00 MB
Current GC threshold: 97.31 MB
CDS: on
 - commit_granule_bytes: 65536.
 - commit_granule_words: 8192.
 - virtual_space_node_default_size: 8388608.
 - enlarge_chunks_in_place: 1.
 - use_allocation_guard: 0.


Internal statistics:

num_allocs_failed_limit: 9.
num_arena_births: 2402.
num_arena_deaths: 24.
num_vsnodes_births: 2.
num_vsnodes_deaths: 0.
num_space_committed: 1044.
num_space_uncommitted: 0.
num_chunks_returned_to_freelist: 38.
num_chunks_taken_from_freelist: 5676.
num_chunk_merges: 13.
num_chunk_splits: 3427.
num_chunks_enlarged: 1699.
num_inconsistent_stats: 0.

CodeHeap 'non-profiled nmethods': size=120000Kb used=9490Kb max_used=9490Kb free=110509Kb
 bounds [0x0000025042310000, 0x0000025042c60000, 0x0000025049840000]
CodeHeap 'profiled nmethods': size=120000Kb used=27315Kb max_used=27315Kb free=92684Kb
 bounds [0x000002503a840000, 0x000002503c2f0000, 0x0000025041d70000]
CodeHeap 'non-nmethods': size=5760Kb used=1397Kb max_used=1478Kb free=4363Kb
 bounds [0x0000025041d70000, 0x0000025041fe0000, 0x0000025042310000]
CodeCache: size=245760Kb, used=38202Kb, max_used=38283Kb, free=207556Kb
 total_blobs=14225, nmethods=13520, adapters=611, full_count=0
Compilation: enabled, stopped_count=0, restarted_count=0

Compilation events (20 events):
Event: 135.947 Thread 0x000002508f1dfe00 nmethod 14195 0x000002503c2e4b90 code [0x000002503c2e4ec0, 0x000002503c2e6098]
Event: 135.960 Thread 0x000002508f1dfe00 14196       3       com.sun.org.apache.xerces.internal.impl.XMLEntityScanner::arrangeCapacity (227 bytes)
Event: 135.960 Thread 0x000002508f1dc560 14197       4       com.sun.org.apache.xerces.internal.utils.XMLLimitAnalyzer::addValue (260 bytes)
Event: 135.961 Thread 0x000002508f1dfe00 nmethod 14196 0x000002503c2e6790 code [0x000002503c2e69c0, 0x000002503c2e6fa0]
Event: 135.964 Thread 0x000002508f1dc560 nmethod 14197 0x0000025042c53e10 code [0x0000025042c53fc0, 0x0000025042c541f0]
Event: 135.964 Thread 0x000002508f1dc560 14198       4       org.eclipse.osgi.internal.framework.FilterImpl$Equal::getPrimaryKeyValue (18 bytes)
Event: 135.967 Thread 0x000002508f1dc560 nmethod 14198 0x0000025042c54410 code [0x0000025042c545c0, 0x0000025042c54720]
Event: 135.979 Thread 0x000002508f1dfe00 14199       3       java.time.Clock$SystemClock::instant (4 bytes)
Event: 135.979 Thread 0x000002508f1dfe00 nmethod 14199 0x000002503c2e7210 code [0x000002503c2e73c0, 0x000002503c2e74f8]
Event: 135.979 Thread 0x000002508f1dfe00 14200       3       ch.qos.logback.classic.spi.LoggingEvent::initTmestampFields (41 bytes)
Event: 135.980 Thread 0x000002508f1dfe00 nmethod 14200 0x000002503c2e7590 code [0x000002503c2e7740, 0x000002503c2e78e8]
Event: 135.980 Thread 0x000002508f1dfe00 14201       3       ch.qos.logback.classic.spi.LoggingEvent::addMarker (36 bytes)
Event: 135.982 Thread 0x000002508f1dfe00 nmethod 14201 0x000002503c2e7a10 code [0x000002503c2e7be0, 0x000002503c2e7f38]
Event: 136.315 Thread 0x000002508f1dc560 14202   !   4       java.util.Formatter::format (284 bytes)
Event: 136.540 Thread 0x000002508f1dfe00 14204       3       java.lang.invoke.LambdaFormEditor$TransformKey::packedBytes (44 bytes)
Event: 136.541 Thread 0x000002508f1dfe00 nmethod 14204 0x000002503c2e8090 code [0x000002503c2e8220, 0x000002503c2e8338]
Event: 136.541 Thread 0x000002508f1dfe00 14205       3       java.lang.invoke.MethodType::replaceParameterTypes (95 bytes)
Event: 136.542 Thread 0x000002508f1dfe00 nmethod 14205 0x000002503c2e8410 code [0x000002503c2e86c0, 0x000002503c2e8f48]
Event: 138.402 Thread 0x000002508f1dfe00 14207       1       java.nio.HeapCharBuffer::isReadOnly (2 bytes)
Event: 138.402 Thread 0x000002508f1dfe00 nmethod 14207 0x0000025042c54890 code [0x0000025042c54a20, 0x0000025042c54ae8]

GC Heap History (20 events):
Event: 99.212 GC heap before
{Heap before GC invocations=2413 (full 3):
 PSYoungGen      total 17920K, used 17919K [0x00000000d5580000, 0x00000000d7000000, 0x0000000100000000)
  eden space 15872K, 99% used [0x00000000d5580000,0x00000000d64fffe0,0x00000000d6500000)
  from space 2048K, 100% used [0x00000000d6500000,0x00000000d6700000,0x00000000d6700000)
  to   space 5632K, 0% used [0x00000000d6a80000,0x00000000d6a80000,0x00000000d7000000)
 ParOldGen       total 1244672K, used 1244409K [0x0000000080000000, 0x00000000cbf80000, 0x00000000d5580000)
  object space 1244672K, 99% used [0x0000000080000000,0x00000000cbf3e558,0x00000000cbf80000)
 Metaspace       used 64501K, committed 66496K, reserved 1114112K
  class space    used 7503K, committed 8384K, reserved 1048576K
}
Event: 99.224 GC heap after
{Heap after GC invocations=2413 (full 3):
 PSYoungGen      total 19968K, used 3756K [0x00000000d5580000, 0x00000000d6e80000, 0x0000000100000000)
  eden space 15872K, 0% used [0x00000000d5580000,0x00000000d5580000,0x00000000d6500000)
  from space 4096K, 91% used [0x00000000d6a80000,0x00000000d6e2b088,0x00000000d6e80000)
  to   space 4608K, 0% used [0x00000000d6580000,0x00000000d6580000,0x00000000d6a00000)
 ParOldGen       total 1246720K, used 1246405K [0x0000000080000000, 0x00000000cc180000, 0x00000000d5580000)
  object space 1246720K, 99% used [0x0000000080000000,0x00000000cc1315d8,0x00000000cc180000)
 Metaspace       used 64501K, committed 66496K, reserved 1114112K
  class space    used 7503K, committed 8384K, reserved 1048576K
}
Event: 101.439 GC heap before
{Heap before GC invocations=2414 (full 3):
 PSYoungGen      total 19968K, used 19628K [0x00000000d5580000, 0x00000000d6e80000, 0x0000000100000000)
  eden space 15872K, 99% used [0x00000000d5580000,0x00000000d64fffe0,0x00000000d6500000)
  from space 4096K, 91% used [0x00000000d6a80000,0x00000000d6e2b088,0x00000000d6e80000)
  to   space 4608K, 0% used [0x00000000d6580000,0x00000000d6580000,0x00000000d6a00000)
 ParOldGen       total 1246720K, used 1246405K [0x0000000080000000, 0x00000000cc180000, 0x00000000d5580000)
  object space 1246720K, 99% used [0x0000000080000000,0x00000000cc1315d8,0x00000000cc180000)
 Metaspace       used 64526K, committed 66496K, reserved 1114112K
  class space    used 7505K, committed 8384K, reserved 1048576K
}
Event: 101.452 GC heap after
{Heap after GC invocations=2414 (full 3):
 PSYoungGen      total 16896K, used 560K [0x00000000d5580000, 0x00000000d6b00000, 0x0000000100000000)
  eden space 15872K, 0% used [0x00000000d5580000,0x00000000d5580000,0x00000000d6500000)
  from space 1024K, 54% used [0x00000000d6580000,0x00000000d660c030,0x00000000d6680000)
  to   space 2048K, 0% used [0x00000000d6900000,0x00000000d6900000,0x00000000d6b00000)
 ParOldGen       total 1247744K, used 1247302K [0x0000000080000000, 0x00000000cc280000, 0x00000000d5580000)
  object space 1247744K, 99% used [0x0000000080000000,0x00000000cc2118d8,0x00000000cc280000)
 Metaspace       used 64526K, committed 66496K, reserved 1114112K
  class space    used 7505K, committed 8384K, reserved 1048576K
}
Event: 109.019 GC heap before
{Heap before GC invocations=2415 (full 3):
 PSYoungGen      total 16896K, used 16432K [0x00000000d5580000, 0x00000000d6b00000, 0x0000000100000000)
  eden space 15872K, 99% used [0x00000000d5580000,0x00000000d64ffff8,0x00000000d6500000)
  from space 1024K, 54% used [0x00000000d6580000,0x00000000d660c030,0x00000000d6680000)
  to   space 2048K, 0% used [0x00000000d6900000,0x00000000d6900000,0x00000000d6b00000)
 ParOldGen       total 1247744K, used 1247302K [0x0000000080000000, 0x00000000cc280000, 0x00000000d5580000)
  object space 1247744K, 99% used [0x0000000080000000,0x00000000cc2118d8,0x00000000cc280000)
 Metaspace       used 64541K, committed 66496K, reserved 1114112K
  class space    used 7505K, committed 8384K, reserved 1048576K
}
Event: 109.031 GC heap after
{Heap after GC invocations=2415 (full 3):
 PSYoungGen      total 16896K, used 576K [0x00000000d5580000, 0x00000000d6a00000, 0x0000000100000000)
  eden space 15872K, 0% used [0x00000000d5580000,0x00000000d5580000,0x00000000d6500000)
  from space 1024K, 56% used [0x00000000d6900000,0x00000000d6990000,0x00000000d6a00000)
  to   space 1024K, 0% used [0x00000000d6580000,0x00000000d6580000,0x00000000d6680000)
 ParOldGen       total 1247744K, used 1247640K [0x0000000080000000, 0x00000000cc280000, 0x00000000d5580000)
  object space 1247744K, 99% used [0x0000000080000000,0x00000000cc2660a0,0x00000000cc280000)
 Metaspace       used 64541K, committed 66496K, reserved 1114112K
  class space    used 7505K, committed 8384K, reserved 1048576K
}
Event: 114.478 GC heap before
{Heap before GC invocations=2416 (full 3):
 PSYoungGen      total 16896K, used 16446K [0x00000000d5580000, 0x00000000d6a00000, 0x0000000100000000)
  eden space 15872K, 99% used [0x00000000d5580000,0x00000000d64ffae8,0x00000000d6500000)
  from space 1024K, 56% used [0x00000000d6900000,0x00000000d6990000,0x00000000d6a00000)
  to   space 1024K, 0% used [0x00000000d6580000,0x00000000d6580000,0x00000000d6680000)
 ParOldGen       total 1247744K, used 1247640K [0x0000000080000000, 0x00000000cc280000, 0x00000000d5580000)
  object space 1247744K, 99% used [0x0000000080000000,0x00000000cc2660a0,0x00000000cc280000)
 Metaspace       used 64551K, committed 66496K, reserved 1114112K
  class space    used 7505K, committed 8384K, reserved 1048576K
}
Event: 114.487 GC heap after
{Heap after GC invocations=2416 (full 3):
 PSYoungGen      total 16896K, used 688K [0x00000000d5580000, 0x00000000d6980000, 0x0000000100000000)
  eden space 15872K, 0% used [0x00000000d5580000,0x00000000d5580000,0x00000000d6500000)
  from space 1024K, 67% used [0x00000000d6580000,0x00000000d662c030,0x00000000d6680000)
  to   space 1024K, 0% used [0x00000000d6880000,0x00000000d6880000,0x00000000d6980000)
 ParOldGen       total 1248256K, used 1248066K [0x0000000080000000, 0x00000000cc300000, 0x00000000d5580000)
  object space 1248256K, 99% used [0x0000000080000000,0x00000000cc2d0938,0x00000000cc300000)
 Metaspace       used 64551K, committed 66496K, reserved 1114112K
  class space    used 7505K, committed 8384K, reserved 1048576K
}
Event: 129.533 GC heap before
{Heap before GC invocations=2417 (full 3):
 PSYoungGen      total 16896K, used 16560K [0x00000000d5580000, 0x00000000d6980000, 0x0000000100000000)
  eden space 15872K, 100% used [0x00000000d5580000,0x00000000d6500000,0x00000000d6500000)
  from space 1024K, 67% used [0x00000000d6580000,0x00000000d662c030,0x00000000d6680000)
  to   space 1024K, 0% used [0x00000000d6880000,0x00000000d6880000,0x00000000d6980000)
 ParOldGen       total 1248256K, used 1248066K [0x0000000080000000, 0x00000000cc300000, 0x00000000d5580000)
  object space 1248256K, 99% used [0x0000000080000000,0x00000000cc2d0938,0x00000000cc300000)
 Metaspace       used 64632K, committed 66624K, reserved 1114112K
  class space    used 7518K, committed 8384K, reserved 1048576K
}
Event: 129.544 GC heap after
{Heap after GC invocations=2417 (full 3):
 PSYoungGen      total 16896K, used 800K [0x00000000d5580000, 0x00000000d6980000, 0x0000000100000000)
  eden space 15872K, 0% used [0x00000000d5580000,0x00000000d5580000,0x00000000d6500000)
  from space 1024K, 78% used [0x00000000d6880000,0x00000000d6948000,0x00000000d6980000)
  to   space 1024K, 0% used [0x00000000d6580000,0x00000000d6580000,0x00000000d6680000)
 ParOldGen       total 1248768K, used 1248458K [0x0000000080000000, 0x00000000cc380000, 0x00000000d5580000)
  object space 1248768K, 99% used [0x0000000080000000,0x00000000cc332a48,0x00000000cc380000)
 Metaspace       used 64632K, committed 66624K, reserved 1114112K
  class space    used 7518K, committed 8384K, reserved 1048576K
}
Event: 132.483 GC heap before
{Heap before GC invocations=2418 (full 3):
 PSYoungGen      total 16896K, used 16671K [0x00000000d5580000, 0x00000000d6980000, 0x0000000100000000)
  eden space 15872K, 99% used [0x00000000d5580000,0x00000000d64fff10,0x00000000d6500000)
  from space 1024K, 78% used [0x00000000d6880000,0x00000000d6948000,0x00000000d6980000)
  to   space 1024K, 0% used [0x00000000d6580000,0x00000000d6580000,0x00000000d6680000)
 ParOldGen       total 1248768K, used 1248458K [0x0000000080000000, 0x00000000cc380000, 0x00000000d5580000)
  object space 1248768K, 99% used [0x0000000080000000,0x00000000cc332a48,0x00000000cc380000)
 Metaspace       used 64658K, committed 66624K, reserved 1114112K
  class space    used 7521K, committed 8384K, reserved 1048576K
}
Event: 132.499 GC heap after
{Heap after GC invocations=2418 (full 3):
 PSYoungGen      total 16896K, used 819K [0x00000000d5580000, 0x00000000d6900000, 0x0000000100000000)
  eden space 15872K, 0% used [0x00000000d5580000,0x00000000d5580000,0x00000000d6500000)
  from space 1024K, 79% used [0x00000000d6580000,0x00000000d664cc78,0x00000000d6680000)
  to   space 1024K, 0% used [0x00000000d6800000,0x00000000d6800000,0x00000000d6900000)
 ParOldGen       total 1249280K, used 1249044K [0x0000000080000000, 0x00000000cc400000, 0x00000000d5580000)
  object space 1249280K, 99% used [0x0000000080000000,0x00000000cc3c53c0,0x00000000cc400000)
 Metaspace       used 64658K, committed 66624K, reserved 1114112K
  class space    used 7521K, committed 8384K, reserved 1048576K
}
Event: 134.040 GC heap before
{Heap before GC invocations=2419 (full 3):
 PSYoungGen      total 16896K, used 16690K [0x00000000d5580000, 0x00000000d6900000, 0x0000000100000000)
  eden space 15872K, 99% used [0x00000000d5580000,0x00000000d64ffef0,0x00000000d6500000)
  from space 1024K, 79% used [0x00000000d6580000,0x00000000d664cc78,0x00000000d6680000)
  to   space 1024K, 0% used [0x00000000d6800000,0x00000000d6800000,0x00000000d6900000)
 ParOldGen       total 1249280K, used 1249044K [0x0000000080000000, 0x00000000cc400000, 0x00000000d5580000)
  object space 1249280K, 99% used [0x0000000080000000,0x00000000cc3c53c0,0x00000000cc400000)
 Metaspace       used 64715K, committed 66688K, reserved 1114112K
  class space    used 7523K, committed 8384K, reserved 1048576K
}
Event: 134.049 GC heap after
{Heap after GC invocations=2419 (full 3):
 PSYoungGen      total 15360K, used 999K [0x00000000d5580000, 0x00000000d6e00000, 0x0000000100000000)
  eden space 14336K, 0% used [0x00000000d5580000,0x00000000d5580000,0x00000000d6380000)
  from space 1024K, 97% used [0x00000000d6800000,0x00000000d68f9fb0,0x00000000d6900000)
  to   space 4608K, 0% used [0x00000000d6380000,0x00000000d6380000,0x00000000d6800000)
 ParOldGen       total 1251840K, used 1251704K [0x0000000080000000, 0x00000000cc680000, 0x00000000d5580000)
  object space 1251840K, 99% used [0x0000000080000000,0x00000000cc65e3b0,0x00000000cc680000)
 Metaspace       used 64715K, committed 66688K, reserved 1114112K
  class space    used 7523K, committed 8384K, reserved 1048576K
}
Event: 134.396 GC heap before
{Heap before GC invocations=2420 (full 3):
 PSYoungGen      total 15360K, used 15335K [0x00000000d5580000, 0x00000000d6e00000, 0x0000000100000000)
  eden space 14336K, 99% used [0x00000000d5580000,0x00000000d637ffd0,0x00000000d6380000)
  from space 1024K, 97% used [0x00000000d6800000,0x00000000d68f9fb0,0x00000000d6900000)
  to   space 4608K, 0% used [0x00000000d6380000,0x00000000d6380000,0x00000000d6800000)
 ParOldGen       total 1251840K, used 1251704K [0x0000000080000000, 0x00000000cc680000, 0x00000000d5580000)
  object space 1251840K, 99% used [0x0000000080000000,0x00000000cc65e3b0,0x00000000cc680000)
 Metaspace       used 64719K, committed 66688K, reserved 1114112K
  class space    used 7523K, committed 8384K, reserved 1048576K
}
Event: 134.403 GC heap after
{Heap after GC invocations=2420 (full 3):
 PSYoungGen      total 15872K, used 1120K [0x00000000d5580000, 0x00000000d6880000, 0x0000000100000000)
  eden space 14336K, 0% used [0x00000000d5580000,0x00000000d5580000,0x00000000d6380000)
  from space 1536K, 72% used [0x00000000d6380000,0x00000000d6498000,0x00000000d6500000)
  to   space 2048K, 0% used [0x00000000d6680000,0x00000000d6680000,0x00000000d6880000)
 ParOldGen       total 1252864K, used 1252669K [0x0000000080000000, 0x00000000cc780000, 0x00000000d5580000)
  object space 1252864K, 99% used [0x0000000080000000,0x00000000cc74f480,0x00000000cc780000)
 Metaspace       used 64719K, committed 66688K, reserved 1114112K
  class space    used 7523K, committed 8384K, reserved 1048576K
}
Event: 135.824 GC heap before
{Heap before GC invocations=2421 (full 3):
 PSYoungGen      total 15872K, used 15456K [0x00000000d5580000, 0x00000000d6880000, 0x0000000100000000)
  eden space 14336K, 100% used [0x00000000d5580000,0x00000000d6380000,0x00000000d6380000)
  from space 1536K, 72% used [0x00000000d6380000,0x00000000d6498000,0x00000000d6500000)
  to   space 2048K, 0% used [0x00000000d6680000,0x00000000d6680000,0x00000000d6880000)
 ParOldGen       total 1252864K, used 1252669K [0x0000000080000000, 0x00000000cc780000, 0x00000000d5580000)
  object space 1252864K, 99% used [0x0000000080000000,0x00000000cc74f480,0x00000000cc780000)
 Metaspace       used 64762K, committed 66816K, reserved 1114112K
  class space    used 7529K, committed 8448K, reserved 1048576K
}
Event: 135.836 GC heap after
{Heap after GC invocations=2421 (full 3):
 PSYoungGen      total 15360K, used 992K [0x00000000d5580000, 0x00000000d6780000, 0x0000000100000000)
  eden space 14336K, 0% used [0x00000000d5580000,0x00000000d5580000,0x00000000d6380000)
  from space 1024K, 96% used [0x00000000d6680000,0x00000000d6778000,0x00000000d6780000)
  to   space 1536K, 0% used [0x00000000d6480000,0x00000000d6480000,0x00000000d6600000)
 ParOldGen       total 1253888K, used 1253697K [0x0000000080000000, 0x00000000cc880000, 0x00000000d5580000)
  object space 1253888K, 99% used [0x0000000080000000,0x00000000cc8504c0,0x00000000cc880000)
 Metaspace       used 64762K, committed 66816K, reserved 1114112K
  class space    used 7529K, committed 8448K, reserved 1048576K
}
Event: 136.287 GC heap before
{Heap before GC invocations=2422 (full 3):
 PSYoungGen      total 15360K, used 15328K [0x00000000d5580000, 0x00000000d6780000, 0x0000000100000000)
  eden space 14336K, 100% used [0x00000000d5580000,0x00000000d6380000,0x00000000d6380000)
  from space 1024K, 96% used [0x00000000d6680000,0x00000000d6778000,0x00000000d6780000)
  to   space 1536K, 0% used [0x00000000d6480000,0x00000000d6480000,0x00000000d6600000)
 ParOldGen       total 1253888K, used 1253697K [0x0000000080000000, 0x00000000cc880000, 0x00000000d5580000)
  object space 1253888K, 99% used [0x0000000080000000,0x00000000cc8504c0,0x00000000cc880000)
 Metaspace       used 64765K, committed 66816K, reserved 1114112K
  class space    used 7529K, committed 8448K, reserved 1048576K
}
Event: 136.299 GC heap after
{Heap after GC invocations=2422 (full 3):
 PSYoungGen      total 15872K, used 1535K [0x00000000d5580000, 0x00000000d6b80000, 0x0000000100000000)
  eden space 14336K, 0% used [0x00000000d5580000,0x00000000d5580000,0x00000000d6380000)
  from space 1536K, 99% used [0x00000000d6480000,0x00000000d65fff50,0x00000000d6600000)
  to   space 4096K, 0% used [0x00000000d6780000,0x00000000d6780000,0x00000000d6b80000)
 ParOldGen       total 1255936K, used 1255499K [0x0000000080000000, 0x00000000cca80000, 0x00000000d5580000)
  object space 1255936K, 99% used [0x0000000080000000,0x00000000cca12c48,0x00000000cca80000)
 Metaspace       used 64765K, committed 66816K, reserved 1114112K
  class space    used 7529K, committed 8448K, reserved 1048576K
}

Dll operation events (20 events):
Event: 0.153 Attempting to load shared library C:\Users\Lenovo\.vscode\extensions\redhat.java-1.56.0-win32-x64\jre\21.0.12.1-win32-x86_64\bin\nio.dll
Event: 0.154 Loaded shared library C:\Users\Lenovo\.vscode\extensions\redhat.java-1.56.0-win32-x64\jre\21.0.12.1-win32-x86_64\bin\nio.dll
Event: 0.159 Attempting to load shared library C:\Users\Lenovo\.vscode\extensions\redhat.java-1.56.0-win32-x64\jre\21.0.12.1-win32-x86_64\bin\zip.dll
Event: 0.159 Loaded shared library C:\Users\Lenovo\.vscode\extensions\redhat.java-1.56.0-win32-x64\jre\21.0.12.1-win32-x86_64\bin\zip.dll
Event: 0.184 Attempting to load shared library C:\Users\Lenovo\.vscode\extensions\redhat.java-1.56.0-win32-x64\jre\21.0.12.1-win32-x86_64\bin\jimage.dll
Event: 0.184 Loaded shared library C:\Users\Lenovo\.vscode\extensions\redhat.java-1.56.0-win32-x64\jre\21.0.12.1-win32-x86_64\bin\jimage.dll
Event: 0.297 Attempting to load shared library c:\Users\Lenovo\.vscode\extensions\redhat.java-1.56.0-win32-x64\jre\21.0.12.1-win32-x86_64\bin\verify.dll
Event: 0.298 Loaded shared library c:\Users\Lenovo\.vscode\extensions\redhat.java-1.56.0-win32-x64\jre\21.0.12.1-win32-x86_64\bin\verify.dll
Event: 2.318 Attempting to load shared library C:\Users\Lenovo\AppData\Roaming\Code\User\globalStorage\redhat.java\1.56.0\config_win\org.eclipse.equinox.launcher\org.eclipse.equinox.launcher.win32.win32.x86_64_1.3.100.v20260804-1928\eclipse_11924.dll
Event: 2.321 Loaded shared library C:\Users\Lenovo\AppData\Roaming\Code\User\globalStorage\redhat.java\1.56.0\config_win\org.eclipse.equinox.launcher\org.eclipse.equinox.launcher.win32.win32.x86_64_1.3.100.v20260804-1928\eclipse_11924.dll
Event: 8.035 Attempting to load shared library C:\Users\Lenovo\AppData\Local\Temp\jna--2022488749\jna7320535590199508620.dll
Event: 8.322 Loaded shared library C:\Users\Lenovo\AppData\Local\Temp\jna--2022488749\jna7320535590199508620.dll
Event: 17.992 Attempting to load shared library C:\Users\Lenovo\.gradle\native\660c5614fbf4a5f2a75b1949f50a0caf5cd603558e7d8a26e50b933a0cfb79d1\windows-amd64\native-platform.dll
Event: 17.993 Loaded shared library C:\Users\Lenovo\.gradle\native\660c5614fbf4a5f2a75b1949f50a0caf5cd603558e7d8a26e50b933a0cfb79d1\windows-amd64\native-platform.dll
Event: 19.164 Attempting to load shared library C:\Users\Lenovo\.vscode\extensions\redhat.java-1.56.0-win32-x64\jre\21.0.12.1-win32-x86_64\bin\management.dll
Event: 19.164 Loaded shared library C:\Users\Lenovo\.vscode\extensions\redhat.java-1.56.0-win32-x64\jre\21.0.12.1-win32-x86_64\bin\management.dll
Event: 19.173 Attempting to load shared library C:\Users\Lenovo\.vscode\extensions\redhat.java-1.56.0-win32-x64\jre\21.0.12.1-win32-x86_64\bin\management_ext.dll
Event: 19.174 Loaded shared library C:\Users\Lenovo\.vscode\extensions\redhat.java-1.56.0-win32-x64\jre\21.0.12.1-win32-x86_64\bin\management_ext.dll
Event: 81.644 Attempting to load shared library C:\Users\Lenovo\.vscode\extensions\redhat.java-1.56.0-win32-x64\jre\21.0.12.1-win32-x86_64\bin\extnet.dll
Event: 81.647 Loaded shared library C:\Users\Lenovo\.vscode\extensions\redhat.java-1.56.0-win32-x64\jre\21.0.12.1-win32-x86_64\bin\extnet.dll

Deoptimization events (20 events):
Event: 129.609 Thread 0x00000250995cfa90 Uncommon trap: trap_request=0xffffffbe fr.pc=0x0000025042c0c624 relative=0x00000000000016c4
Event: 129.609 Thread 0x00000250995cfa90 Uncommon trap: reason=profile_predicate action=maybe_recompile pc=0x0000025042c0c624 method=java.io.File.listFiles(Ljava/io/FilenameFilter;)[Ljava/io/File; @ 34 c2
Event: 129.609 Thread 0x00000250995cfa90 DEOPT PACKING pc=0x0000025042c0c624 sp=0x0000008e51ffe7c0
Event: 129.609 Thread 0x00000250995cfa90 DEOPT UNPACKING pc=0x0000025041dc3aa2 sp=0x0000008e51ffe7d8 mode 2
Event: 129.888 Thread 0x00000250a3729220 Uncommon trap: trap_request=0xffffff45 fr.pc=0x0000025042bbe858 relative=0x00000000000007f8
Event: 129.888 Thread 0x00000250a3729220 Uncommon trap: reason=unstable_if action=reinterpret pc=0x0000025042bbe858 method=java.util.concurrent.locks.AbstractQueuedSynchronizer.acquire(Ljava/util/concurrent/locks/AbstractQueuedSynchronizer$Node;IZZZJ)I @ 400 c2
Event: 129.888 Thread 0x00000250a3729220 DEOPT PACKING pc=0x0000025042bbe858 sp=0x0000008e5c4ff1f0
Event: 129.888 Thread 0x00000250a3729220 DEOPT UNPACKING pc=0x0000025041dc3aa2 sp=0x0000008e5c4ff178 mode 2
Event: 129.910 Thread 0x00000250991a3090 Uncommon trap: trap_request=0xffffffde fr.pc=0x0000025042543ae8 relative=0x00000000000006a8
Event: 129.910 Thread 0x00000250991a3090 Uncommon trap: reason=class_check action=maybe_recompile pc=0x0000025042543ae8 method=java.util.Collections$SetFromMap.remove(Ljava/lang/Object;)Z @ 5 c2
Event: 129.910 Thread 0x00000250991a3090 DEOPT PACKING pc=0x0000025042543ae8 sp=0x0000008e643febf0
Event: 129.910 Thread 0x00000250991a3090 DEOPT UNPACKING pc=0x0000025041dc3aa2 sp=0x0000008e643febd8 mode 2
Event: 132.500 Thread 0x000002509999d730 DEOPT PACKING pc=0x000002503c082cef sp=0x0000008e566ff0d0
Event: 132.501 Thread 0x000002509999d730 DEOPT UNPACKING pc=0x0000025041dc4242 sp=0x0000008e566fe5f8 mode 0
Event: 133.486 Thread 0x00000250995d21f0 Uncommon trap: trap_request=0xffffffbe fr.pc=0x0000025042b8fde4 relative=0x0000000000001624
Event: 133.486 Thread 0x00000250995d21f0 Uncommon trap: reason=profile_predicate action=maybe_recompile pc=0x0000025042b8fde4 method=java.io.File.listFiles(Ljava/io/FilenameFilter;)[Ljava/io/File; @ 30 c2
Event: 133.486 Thread 0x00000250995d21f0 DEOPT PACKING pc=0x0000025042b8fde4 sp=0x0000008e51cfe540
Event: 133.486 Thread 0x00000250995d21f0 DEOPT UNPACKING pc=0x0000025041dc3aa2 sp=0x0000008e51cfe558 mode 2
Event: 134.069 Thread 0x00000250995d2f10 DEOPT PACKING pc=0x000002503bef6055 sp=0x0000008e4f4fea30
Event: 134.069 Thread 0x00000250995d2f10 DEOPT UNPACKING pc=0x0000025041dc4242 sp=0x0000008e4f4fdf40 mode 0

Classes loaded (20 events):
Event: 85.028 Loading class java/util/Scanner
Event: 85.030 Loading class java/util/Scanner done
Event: 85.034 Loading class java/util/Scanner$PatternLRUCache
Event: 85.034 Loading class java/util/Scanner$PatternLRUCache done
Event: 126.097 Loading class java/util/regex/Matcher$ImmutableMatchResult
Event: 126.147 Loading class java/util/regex/Matcher$ImmutableMatchResult done
Event: 126.564 Loading class java/util/concurrent/ConcurrentLinkedQueue$Itr
Event: 126.696 Loading class java/util/concurrent/ConcurrentLinkedQueue$Itr done
Event: 126.988 Loading class java/util/AbstractList$RandomAccessSubList
Event: 126.997 Loading class java/util/AbstractList$SubList
Event: 127.003 Loading class java/util/AbstractList$SubList done
Event: 127.003 Loading class java/util/AbstractList$RandomAccessSubList done
Event: 127.003 Loading class java/util/AbstractList$SubList$1
Event: 127.005 Loading class java/util/AbstractList$SubList$1 done
Event: 127.015 Loading class java/util/LinkedList$LLSpliterator
Event: 127.020 Loading class java/util/LinkedList$LLSpliterator done
Event: 132.811 Loading class sun/nio/ch/ChannelOutputStream
Event: 132.840 Loading class sun/nio/ch/ChannelOutputStream done
Event: 132.849 Loading class sun/nio/fs/WindowsFileCopy
Event: 132.882 Loading class sun/nio/fs/WindowsFileCopy done

Classes unloaded (12 events):
Event: 10.016 Thread 0x00000250376fdea0 Unloading class 0x000002504f1a9400 'java/lang/invoke/LambdaForm$MH+0x000002504f1a9400'
Event: 10.016 Thread 0x00000250376fdea0 Unloading class 0x000002504f1a9000 'java/lang/invoke/LambdaForm$MH+0x000002504f1a9000'
Event: 10.016 Thread 0x00000250376fdea0 Unloading class 0x000002504f1a8c00 'java/lang/invoke/LambdaForm$MH+0x000002504f1a8c00'
Event: 10.016 Thread 0x00000250376fdea0 Unloading class 0x000002504f1a8800 'java/lang/invoke/LambdaForm$MH+0x000002504f1a8800'
Event: 10.016 Thread 0x00000250376fdea0 Unloading class 0x000002504f1a8400 'java/lang/invoke/LambdaForm$BMH+0x000002504f1a8400'
Event: 10.016 Thread 0x00000250376fdea0 Unloading class 0x000002504f1a8000 'java/lang/invoke/LambdaForm$DMH+0x000002504f1a8000'
Event: 10.016 Thread 0x00000250376fdea0 Unloading class 0x000002504f1a6c00 'java/lang/invoke/LambdaForm$DMH+0x000002504f1a6c00'
Event: 12.362 Thread 0x00000250376fdea0 Unloading class 0x000002504f304000 'java/lang/invoke/LambdaForm$MH+0x000002504f304000'
Event: 12.362 Thread 0x00000250376fdea0 Unloading class 0x000002504f303800 'java/lang/invoke/LambdaForm$MH+0x000002504f303800'
Event: 12.362 Thread 0x00000250376fdea0 Unloading class 0x000002504f303000 'java/lang/invoke/LambdaForm$MH+0x000002504f303000'
Event: 12.362 Thread 0x00000250376fdea0 Unloading class 0x000002504f302800 'java/lang/invoke/LambdaForm$MH+0x000002504f302800'
Event: 12.362 Thread 0x00000250376fdea0 Unloading class 0x000002504f302400 'java/lang/invoke/LambdaForm$DMH+0x000002504f302400'

Classes redefined (0 events):
No events

Internal exceptions (20 events):
Event: 132.648 Thread 0x00000250991930a0 Exception <a 'sun/nio/fs/WindowsException'{0x00000000d57d3e78}> (0x00000000d57d3e78) 
thrown [s\src\hotspot\share\prims\jni.cpp, line 520]
Event: 132.649 Thread 0x000002509833f020 Exception <a 'sun/nio/fs/WindowsException'{0x00000000d57ebbe0}> (0x00000000d57ebbe0) 
thrown [s\src\hotspot\share\prims\jni.cpp, line 520]
Event: 132.650 Thread 0x00000250991930a0 Exception <a 'sun/nio/fs/WindowsException'{0x00000000d57ec2f0}> (0x00000000d57ec2f0) 
thrown [s\src\hotspot\share\prims\jni.cpp, line 520]
Event: 132.653 Thread 0x00000250991930a0 Exception <a 'sun/nio/fs/WindowsException'{0x00000000d57ece68}> (0x00000000d57ece68) 
thrown [s\src\hotspot\share\prims\jni.cpp, line 520]
Event: 132.653 Thread 0x00000250991930a0 Exception <a 'sun/nio/fs/WindowsException'{0x00000000d57ed4b0}> (0x00000000d57ed4b0) 
thrown [s\src\hotspot\share\prims\jni.cpp, line 520]
Event: 132.654 Thread 0x0000025095a90ab0 Exception <a 'sun/nio/fs/WindowsException'{0x00000000d57fe908}> (0x00000000d57fe908) 
thrown [s\src\hotspot\share\prims\jni.cpp, line 520]
Event: 132.677 Thread 0x00000250991930a0 Exception <a 'sun/nio/fs/WindowsException'{0x00000000d57eea80}> (0x00000000d57eea80) 
thrown [s\src\hotspot\share\prims\jni.cpp, line 520]
Event: 132.677 Thread 0x00000250991930a0 Exception <a 'sun/nio/fs/WindowsException'{0x00000000d57ef0c8}> (0x00000000d57ef0c8) 
thrown [s\src\hotspot\share\prims\jni.cpp, line 520]
Event: 133.047 Thread 0x0000025095a8bbf0 Exception <a 'sun/nio/fs/WindowsException'{0x00000000d5b46120}> (0x00000000d5b46120) 
thrown [s\src\hotspot\share\prims\jni.cpp, line 520]
Event: 133.051 Thread 0x00000250952d4b90 Exception <a 'sun/nio/fs/WindowsException'{0x00000000d5b643b8}> (0x00000000d5b643b8) 
thrown [s\src\hotspot\share\prims\jni.cpp, line 520]
Event: 133.059 Thread 0x00000250952da0e0 Exception <a 'sun/nio/fs/WindowsException'{0x00000000d5b7c730}> (0x00000000d5b7c730) 
thrown [s\src\hotspot\share\prims\jni.cpp, line 520]
Event: 133.090 Thread 0x00000250952d8010 Exception <a 'sun/nio/fs/WindowsException'{0x00000000d5b9f468}> (0x00000000d5b9f468) 
thrown [s\src\hotspot\share\prims\jni.cpp, line 520]
Event: 133.228 Thread 0x00000250961f9700 Exception <a 'sun/nio/fs/WindowsException'{0x00000000d5d10858}> (0x00000000d5d10858) 
thrown [s\src\hotspot\share\prims\jni.cpp, line 520]
Event: 133.338 Thread 0x000002509833c230 Exception <a 'sun/nio/fs/WindowsException'{0x00000000d5d22318}> (0x00000000d5d22318) 
thrown [s\src\hotspot\share\prims\jni.cpp, line 520]
Event: 135.961 Thread 0x00000250995cd9c0 Exception <a 'sun/nio/fs/WindowsException'{0x00000000d5c81b28}> (0x00000000d5c81b28) 
thrown [s\src\hotspot\share\prims\jni.cpp, line 520]
Event: 135.961 Thread 0x00000250995cd9c0 Exception <a 'sun/nio/fs/WindowsException'{0x00000000d5c82190}> (0x00000000d5c82190) 
thrown [s\src\hotspot\share\prims\jni.cpp, line 520]
Event: 135.962 Thread 0x00000250995cd9c0 Exception <a 'sun/nio/fs/WindowsException'{0x00000000d5c82d08}> (0x00000000d5c82d08) 
thrown [s\src\hotspot\share\prims\jni.cpp, line 520]
Event: 135.962 Thread 0x00000250995cd9c0 Exception <a 'sun/nio/fs/WindowsException'{0x00000000d5c83350}> (0x00000000d5c83350) 
thrown [s\src\hotspot\share\prims\jni.cpp, line 520]
Event: 135.967 Thread 0x00000250995cd9c0 Exception <a 'sun/nio/fs/WindowsException'{0x00000000d5d14a20}> (0x00000000d5d14a20) 
thrown [s\src\hotspot\share\prims\jni.cpp, line 520]
Event: 135.968 Thread 0x00000250995cd9c0 Exception <a 'sun/nio/fs/WindowsException'{0x00000000d5d15068}> (0x00000000d5d15068) 
thrown [s\src\hotspot\share\prims\jni.cpp, line 520]

ZGC Phase Switch (0 events):
No events

VM Operations (20 events):
Event: 126.756 Executing non-safepoint VM operation: RendezvousGCThreads
Event: 126.756 Executing non-safepoint VM operation: RendezvousGCThreads done
Event: 127.758 Executing safepoint VM operation: Cleanup
Event: 128.974 Executing safepoint VM operation: Cleanup done
Event: 128.994 Executing non-safepoint VM operation: HandshakeAllThreads (Deoptimize)
Event: 129.533 Executing non-safepoint VM operation: HandshakeAllThreads (Deoptimize) done
Event: 129.533 Executing safepoint VM operation: ParallelGCFailedAllocation (Allocation Failure)
Event: 129.544 Executing safepoint VM operation: ParallelGCFailedAllocation (Allocation Failure) done
Event: 130.227 Executing safepoint VM operation: ParallelGCFailedAllocation (Allocation Failure)
Event: 132.500 Executing safepoint VM operation: ParallelGCFailedAllocation (Allocation Failure) done
Event: 133.501 Executing safepoint VM operation: Cleanup
Event: 133.529 Executing safepoint VM operation: Cleanup done
Event: 133.899 Executing safepoint VM operation: ParallelGCFailedAllocation (Allocation Failure)
Event: 134.049 Executing safepoint VM operation: ParallelGCFailedAllocation (Allocation Failure) done
Event: 134.165 Executing safepoint VM operation: ParallelGCFailedAllocation (Allocation Failure)
Event: 134.403 Executing safepoint VM operation: ParallelGCFailedAllocation (Allocation Failure) done
Event: 134.571 Executing safepoint VM operation: ParallelGCFailedAllocation (Allocation Failure)
Event: 135.837 Executing safepoint VM operation: ParallelGCFailedAllocation (Allocation Failure) done
Event: 136.143 Executing safepoint VM operation: ParallelGCFailedAllocation (Allocation Failure)
Event: 136.300 Executing safepoint VM operation: ParallelGCFailedAllocation (Allocation Failure) done

Memory protections (0 events):
No events

Nmethod flushes (20 events):
Event: 30.306 Thread 0x00000250376fdea0 flushing  nmethod 0x000002503b0d3510
Event: 30.306 Thread 0x00000250376fdea0 flushing  nmethod 0x000002503b0dea90
Event: 30.306 Thread 0x00000250376fdea0 flushing  nmethod 0x000002503b0e0390
Event: 30.306 Thread 0x00000250376fdea0 flushing  nmethod 0x000002503b0ef010
Event: 30.306 Thread 0x00000250376fdea0 flushing  nmethod 0x000002503b0f0210
Event: 30.306 Thread 0x00000250376fdea0 flushing  nmethod 0x000002503b130b90
Event: 30.306 Thread 0x00000250376fdea0 flushing  nmethod 0x000002503b131110
Event: 30.306 Thread 0x00000250376fdea0 flushing  nmethod 0x000002503b131f90
Event: 30.306 Thread 0x00000250376fdea0 flushing  nmethod 0x000002503b132c90
Event: 30.306 Thread 0x00000250376fdea0 flushing  nmethod 0x000002503b133010
Event: 30.306 Thread 0x00000250376fdea0 flushing  nmethod 0x000002503b134790
Event: 30.306 Thread 0x00000250376fdea0 flushing  nmethod 0x000002503b136690
Event: 30.306 Thread 0x00000250376fdea0 flushing  nmethod 0x000002503b139a90
Event: 30.306 Thread 0x00000250376fdea0 flushing  nmethod 0x000002503b13ed10
Event: 30.306 Thread 0x00000250376fdea0 flushing  nmethod 0x000002503b148d90
Event: 30.306 Thread 0x00000250376fdea0 flushing  nmethod 0x000002503b14bd90
Event: 30.306 Thread 0x00000250376fdea0 flushing  nmethod 0x000002503b14c810
Event: 30.306 Thread 0x00000250376fdea0 flushing  nmethod 0x000002503b155210
Event: 30.306 Thread 0x00000250376fdea0 flushing  nmethod 0x000002503b155710
Event: 30.306 Thread 0x00000250376fdea0 flushing  nmethod 0x000002503b155c90

Events (20 events):
Event: 135.853 Thread 0x00000250995e0110 Thread exited: 0x00000250995e0110
Event: 135.855 Thread 0x00000250995e14c0 Thread added: 0x00000250995e1b50
Event: 135.855 Thread 0x00000250995e14c0 Thread added: 0x00000250995e3590
Event: 135.860 Thread 0x0000025095000760 Thread added: 0x00000250995e0110
Event: 135.900 Thread 0x00000250995e0110 Thread added: 0x00000250995e4fd0
Event: 135.900 Thread 0x00000250995e0110 Thread added: 0x00000250995e42b0
Event: 135.901 Thread 0x00000250995e4fd0 Thread exited: 0x00000250995e4fd0
Event: 135.907 Thread 0x00000250995e2870 Thread exited: 0x00000250995e2870
Event: 135.910 Thread 0x00000250995dcc90 Thread added: 0x00000250995e5660
Event: 135.915 Thread 0x00000250995df3f0 Thread exited: 0x00000250995df3f0
Event: 135.928 Thread 0x0000025095004f90 Thread added: 0x00000250995e2870
Event: 135.940 Thread 0x00000250995e2870 Thread added: 0x00000250995df3f0
Event: 135.940 Thread 0x00000250995e2870 Thread added: 0x00000250995e4fd0
Event: 135.941 Thread 0x00000250995df3f0 Thread exited: 0x00000250995df3f0
Event: 136.100 Thread 0x00000250995d42c0 Thread exited: 0x00000250995d42c0
Event: 136.101 Thread 0x00000250995e1b50 Thread exited: 0x00000250995e1b50
Event: 136.108 Thread 0x00000250995e5660 Thread added: 0x00000250995d42c0
Event: 136.303 Thread 0x00000250995cd9c0 Thread added: 0x00000250995e1b50
Event: 136.306 Thread 0x00000250995d42c0 Thread added: 0x00000250995df3f0
Event: 136.602 Thread 0x00000250995e1b50 Thread added: 0x00000250995e3c20


Dynamic libraries:
0x00007ff6975d0000 - 0x00007ff6975de000 	c:\Users\Lenovo\.vscode\extensions\redhat.java-1.56.0-win32-x64\jre\21.0.12.1-win32-x86_64\bin\java.exe
0x00007fffdac60000 - 0x00007fffdaec7000 	C:\WINDOWS\SYSTEM32\ntdll.dll
0x00007fffd9df0000 - 0x00007fffd9ebb000 	C:\WINDOWS\System32\KERNEL32.DLL
0x00007fffd7fb0000 - 0x00007fffd83b2000 	C:\WINDOWS\System32\KERNELBASE.dll
0x00007fffd8820000 - 0x00007fffd896c000 	C:\WINDOWS\System32\ucrtbase.dll
0x00007fffaeb40000 - 0x00007fffaeb58000 	c:\Users\Lenovo\.vscode\extensions\redhat.java-1.56.0-win32-x64\jre\21.0.12.1-win32-x86_64\bin\jli.dll
0x00007fffa9590000 - 0x00007fffa95ae000 	c:\Users\Lenovo\.vscode\extensions\redhat.java-1.56.0-win32-x64\jre\21.0.12.1-win32-x86_64\bin\VCRUNTIME140.dll
0x00007fffd9960000 - 0x00007fffd9b2f000 	C:\WINDOWS\System32\USER32.dll
0x00007fffbbe90000 - 0x00007fffbc120000 	C:\WINDOWS\WinSxS\amd64_microsoft.windows.common-controls_6595b64144ccf1df_6.0.26100.9278_none_3e0d1ba8e3303201\COMCTL32.dll
0x00007fffd84f0000 - 0x00007fffd8517000 	C:\WINDOWS\System32\win32u.dll
0x00007fffdab70000 - 0x00007fffdac19000 	C:\WINDOWS\System32\msvcrt.dll
0x00007fffd8980000 - 0x00007fffd89ab000 	C:\WINDOWS\System32\GDI32.dll
0x00007fffd83c0000 - 0x00007fffd84e9000 	C:\WINDOWS\System32\gdi32full.dll
0x00007fffd86b0000 - 0x00007fffd8753000 	C:\WINDOWS\System32\msvcp_win.dll
0x00007fffdab00000 - 0x00007fffdab31000 	C:\WINDOWS\System32\IMM32.DLL
0x00007fffca7a0000 - 0x00007fffca7ac000 	c:\Users\Lenovo\.vscode\extensions\redhat.java-1.56.0-win32-x64\jre\21.0.12.1-win32-x86_64\bin\vcruntime140_1.dll
0x00007fffa7920000 - 0x00007fffa79ad000 	c:\Users\Lenovo\.vscode\extensions\redhat.java-1.56.0-win32-x64\jre\21.0.12.1-win32-x86_64\bin\msvcp140.dll
0x00007fff336b0000 - 0x00007fff34452000 	c:\Users\Lenovo\.vscode\extensions\redhat.java-1.56.0-win32-x64\jre\21.0.12.1-win32-x86_64\bin\server\jvm.dll
0x00007fffd9b40000 - 0x00007fffd9bfc000 	C:\WINDOWS\System32\ADVAPI32.dll
0x00007fffda6e0000 - 0x00007fffda789000 	C:\WINDOWS\System32\sechost.dll
0x00007fffd90a0000 - 0x00007fffd91b8000 	C:\WINDOWS\System32\RPCRT4.dll
0x00007fffda020000 - 0x00007fffda0a0000 	C:\WINDOWS\System32\WS2_32.dll
0x00007fffd7cc0000 - 0x00007fffd7d1e000 	C:\WINDOWS\SYSTEM32\POWRPROF.dll
0x00007fffa7120000 - 0x00007fffa7156000 	C:\WINDOWS\SYSTEM32\WINMM.dll
0x00007fffc8c00000 - 0x00007fffc8c0b000 	C:\WINDOWS\SYSTEM32\VERSION.dll
0x00007fffd7ca0000 - 0x00007fffd7cb5000 	C:\WINDOWS\SYSTEM32\UMPDC.dll
0x00007fffd6af0000 - 0x00007fffd6b0b000 	C:\WINDOWS\SYSTEM32\kernel.appcore.dll
0x00007fffca2a0000 - 0x00007fffca2aa000 	c:\Users\Lenovo\.vscode\extensions\redhat.java-1.56.0-win32-x64\jre\21.0.12.1-win32-x86_64\bin\jimage.dll
0x00007fffd4f20000 - 0x00007fffd516c000 	C:\WINDOWS\SYSTEM32\DBGHELP.DLL
0x00007fffda0b0000 - 0x00007fffda435000 	C:\WINDOWS\System32\combase.dll
0x00007fffda600000 - 0x00007fffda6d9000 	C:\WINDOWS\System32\OLEAUT32.dll
0x00007fffc6d40000 - 0x00007fffc6d7b000 	C:\WINDOWS\SYSTEM32\dbgcore.DLL
0x00007fffd8760000 - 0x00007fffd880c000 	C:\WINDOWS\System32\bcryptPrimitives.dll
0x00007fffc9640000 - 0x00007fffc964f000 	c:\Users\Lenovo\.vscode\extensions\redhat.java-1.56.0-win32-x64\jre\21.0.12.1-win32-x86_64\bin\instrument.dll
0x00007fffa8a50000 - 0x00007fffa8a70000 	c:\Users\Lenovo\.vscode\extensions\redhat.java-1.56.0-win32-x64\jre\21.0.12.1-win32-x86_64\bin\java.dll
0x00007fffd91c0000 - 0x00007fffd9958000 	C:\WINDOWS\System32\SHELL32.dll
0x00007fffd58a0000 - 0x00007fffd614e000 	C:\WINDOWS\SYSTEM32\windows.storage.dll
0x00007fffd9f20000 - 0x00007fffda01b000 	C:\WINDOWS\System32\SHCORE.dll
0x00007fffda820000 - 0x00007fffda886000 	C:\WINDOWS\System32\shlwapi.dll
0x00007fffd7d80000 - 0x00007fffd7da9000 	C:\WINDOWS\SYSTEM32\profapi.dll
0x00007fffa86e0000 - 0x00007fffa86f8000 	c:\Users\Lenovo\.vscode\extensions\redhat.java-1.56.0-win32-x64\jre\21.0.12.1-win32-x86_64\bin\zip.dll
0x00007fffc97c0000 - 0x00007fffc97d0000 	C:\Users\Lenovo\.vscode\extensions\redhat.java-1.56.0-win32-x64\jre\21.0.12.1-win32-x86_64\bin\net.dll
0x00007fffc8ad0000 - 0x00007fffc8bfa000 	C:\WINDOWS\SYSTEM32\WINHTTP.dll
0x00007fffd70f0000 - 0x00007fffd715c000 	C:\WINDOWS\system32\mswsock.dll
0x00007fffa86c0000 - 0x00007fffa86d6000 	C:\Users\Lenovo\.vscode\extensions\redhat.java-1.56.0-win32-x64\jre\21.0.12.1-win32-x86_64\bin\nio.dll
0x00007fffc6d80000 - 0x00007fffc6d90000 	c:\Users\Lenovo\.vscode\extensions\redhat.java-1.56.0-win32-x64\jre\21.0.12.1-win32-x86_64\bin\verify.dll
0x00007fffa8950000 - 0x00007fffa8995000 	C:\Users\Lenovo\AppData\Roaming\Code\User\globalStorage\redhat.java\1.56.0\config_win\org.eclipse.equinox.launcher\org.eclipse.equinox.launcher.win32.win32.x86_64_1.3.100.v20260804-1928\eclipse_11924.dll
0x00007fffd89d0000 - 0x00007fffd8b6a000 	C:\WINDOWS\System32\ole32.dll
0x00007fffd73e0000 - 0x00007fffd73fb000 	C:\WINDOWS\SYSTEM32\CRYPTSP.dll
0x00007fffd6a50000 - 0x00007fffd6a89000 	C:\WINDOWS\system32\rsaenh.dll
0x00007fffd71a0000 - 0x00007fffd71d4000 	C:\WINDOWS\SYSTEM32\USERENV.dll
0x00007fffd7d50000 - 0x00007fffd7d7a000 	C:\WINDOWS\SYSTEM32\bcrypt.dll
0x00007fffd7400000 - 0x00007fffd740c000 	C:\WINDOWS\SYSTEM32\CRYPTBASE.dll
0x00007fffd64f0000 - 0x00007fffd6523000 	C:\WINDOWS\SYSTEM32\IPHLPAPI.DLL
0x00007fffd8b70000 - 0x00007fffd8b7a000 	C:\WINDOWS\System32\NSI.dll
0x00007fffa87d0000 - 0x00007fffa8819000 	C:\Users\Lenovo\AppData\Local\Temp\jna--2022488749\jna7320535590199508620.dll
0x00007fffdaac0000 - 0x00007fffdaac8000 	C:\WINDOWS\System32\PSAPI.DLL
0x00007fffc8aa0000 - 0x00007fffc8abd000 	C:\WINDOWS\SYSTEM32\dhcpcsvc6.DLL
0x00007fffc8a70000 - 0x00007fffc8a95000 	C:\WINDOWS\SYSTEM32\dhcpcsvc.DLL
0x00007fffb3c80000 - 0x00007fffb3ca7000 	C:\Users\Lenovo\.gradle\native\660c5614fbf4a5f2a75b1949f50a0caf5cd603558e7d8a26e50b933a0cfb79d1\windows-amd64\native-platform.dll
0x00007fffc17a0000 - 0x00007fffc17aa000 	C:\Users\Lenovo\.vscode\extensions\redhat.java-1.56.0-win32-x64\jre\21.0.12.1-win32-x86_64\bin\management.dll
0x00007fffb6210000 - 0x00007fffb621c000 	C:\Users\Lenovo\.vscode\extensions\redhat.java-1.56.0-win32-x64\jre\21.0.12.1-win32-x86_64\bin\management_ext.dll
0x00007fffb4ff0000 - 0x00007fffb4ff9000 	C:\Users\Lenovo\.vscode\extensions\redhat.java-1.56.0-win32-x64\jre\21.0.12.1-win32-x86_64\bin\extnet.dll

JVMTI agents:
c:\Users\Lenovo\.vscode\extensions\redhat.java-1.56.0-win32-x64\lombok\lombok-1.18.39-4050.jar path:c:\Users\Lenovo\.vscode\extensions\redhat.java-1.56.0-win32-x64\jre\21.0.12.1-win32-x86_64\bin\instrument.dll, loaded, initialized, instrumentlib options:none

dbghelp: loaded successfully - version: 4.0.5 - missing functions: none
symbol engine: initialized successfully - sym options: 0x614 - pdb path: .;c:\Users\Lenovo\.vscode\extensions\redhat.java-1.56.0-win32-x64\jre\21.0.12.1-win32-x86_64\bin;C:\WINDOWS\SYSTEM32;C:\WINDOWS\WinSxS\amd64_microsoft.windows.common-controls_6595b64144ccf1df_6.0.26100.9278_none_3e0d1ba8e3303201;c:\Users\Lenovo\.vscode\extensions\redhat.java-1.56.0-win32-x64\jre\21.0.12.1-win32-x86_64\bin\server;C:\Users\Lenovo\AppData\Roaming\Code\User\globalStorage\redhat.java\1.56.0\config_win\org.eclipse.equinox.launcher\org.eclipse.equinox.launcher.win32.win32.x86_64_1.3.100.v20260804-1928;C:\Users\Lenovo\AppData\Local\Temp\jna--2022488749;C:\Users\Lenovo\.gradle\native\660c5614fbf4a5f2a75b1949f50a0caf5cd603558e7d8a26e50b933a0cfb79d1\windows-amd64

VM Arguments:
jvm_args: --add-modules=ALL-SYSTEM --add-opens=java.base/java.util=ALL-UNNAMED --add-opens=java.base/java.lang=ALL-UNNAMED --add-opens=java.base/sun.nio.fs=ALL-UNNAMED -Declipse.application=org.eclipse.jdt.ls.core.id1 -Dosgi.bundles.defaultStartLevel=4 -Declipse.product=org.eclipse.jdt.ls.core.product -Djava.import.generatesMetadataFilesAtProjectRoot=false -Dm2e.project.cache.size=50 -DDetectVMInstallationsJob.disabled=true -Dfile.encoding=utf8 -XX:+UseParallelGC -XX:GCTimeRatio=4 -XX:AdaptiveSizePolicyWeight=90 -Dsun.zip.disableMemoryMapping=true -Xmx2G -Xms100m -Xlog:disable -javaagent:c:\Users\Lenovo\.vscode\extensions\redhat.java-1.56.0-win32-x64\lombok\lombok-1.18.39-4050.jar -XX:+HeapDumpOnOutOfMemoryError -XX:HeapDumpPath=c:\Users\Lenovo\AppData\Roaming\Code\User\workspaceStorage\924dcd68363d28c96455ce80cf54f024\redhat.java -Daether.dependencyCollector.impl=bf 
java_command: c:\Users\Lenovo\.vscode\extensions\redhat.java-1.56.0-win32-x64\server\plugins\org.eclipse.equinox.launcher_1.8.0.v20260804-1928.jar -configuration c:\Users\Lenovo\AppData\Roaming\Code\User\globalStorage\redhat.java\1.56.0\config_win -data c:\Users\Lenovo\AppData\Roaming\Code\User\workspaceStorage\924dcd68363d28c96455ce80cf54f024\redhat.java\jdt_ws --stdio
java_class_path (initial): c:\Users\Lenovo\.vscode\extensions\redhat.java-1.56.0-win32-x64\server\plugins\org.eclipse.equinox.launcher_1.8.0.v20260804-1928.jar
Launcher Type: SUN_STANDARD

[Global flags]
    uintx AdaptiveSizePolicyWeight                 = 90                                        {product} {command line}
     intx CICompilerCount                          = 4                                         {product} {ergonomic}
    uintx GCTimeRatio                              = 4                                         {product} {command line}
     bool HeapDumpOnOutOfMemoryError               = true                                   {manageable} {command line}
    ccstr HeapDumpPath                             = c:\Users\Lenovo\AppData\Roaming\Code\User\workspaceStorage\924dcd68363d28c96455ce80cf54f024\redhat.java         {manageable} {command line}
   size_t InitialHeapSize                          = 104857600                                 {product} {command line}
   size_t MaxHeapSize                              = 2147483648                                {product} {command line}
   size_t MaxNewSize                               = 715653120                                 {product} {ergonomic}
   size_t MinHeapDeltaBytes                        = 524288                                    {product} {ergonomic}
   size_t MinHeapSize                              = 104857600                                 {product} {command line}
   size_t NewSize                                  = 34603008                                  {product} {ergonomic}
    uintx NonNMethodCodeHeapSize                   = 5839372                                {pd product} {ergonomic}
    uintx NonProfiledCodeHeapSize                  = 122909434                              {pd product} {ergonomic}
   size_t OldSize                                  = 70254592                                  {product} {ergonomic}
    uintx ProfiledCodeHeapSize                     = 122909434                              {pd product} {ergonomic}
    uintx ReservedCodeCacheSize                    = 251658240                              {pd product} {ergonomic}
     bool SegmentedCodeCache                       = true                                      {product} {ergonomic}
   size_t SoftMaxHeapSize                          = 2147483648                             {manageable} {ergonomic}
     bool UseCompressedOops                        = true                           {product lp64_product} {ergonomic}
     bool UseLargePagesIndividualAllocation        = false                                  {pd product} {ergonomic}
     bool UseParallelGC                            = true                                      {product} {command line}

Logging:
Log output configuration:
 #0: stdout all=off uptime,level,tags foldmultilines=false
 #1: stderr all=off uptime,level,tags foldmultilines=false

Release file:
JAVA_VERSION="21.0.12.1" 
MODULES="java.base java.compiler java.datatransfer java.xml java.prefs java.desktop java.instrument java.logging java.management java.security.sasl java.naming java.rmi java.management.rmi java.net.http java.scripting java.security.jgss java.transaction.xa java.sql java.sql.rowset java.xml.crypto java.se java.smartcardio jdk.accessibility jdk.internal.jvmstat jdk.attach jdk.charsets jdk.internal.opt jdk.zipfs jdk.compiler jdk.crypto.ec jdk.crypto.cryptoki jdk.crypto.mscapi jdk.dynalink jdk.internal.ed jdk.editpad jdk.hotspot.agent jdk.httpserver jdk.internal.le jdk.internal.vm.ci jdk.internal.vm.compiler jdk.internal.vm.compiler.management jdk.jartool jdk.javadoc jdk.jcmd jdk.management jdk.management.agent jdk.jconsole jdk.jdeps jdk.jdwp.agent jdk.jdi jdk.jfr jdk.jshell jdk.jsobject jdk.jstatd jdk.localedata jdk.management.jfr jdk.naming.dns jdk.naming.rmi jdk.net jdk.nio.mapmode jdk.random jdk.sctp jdk.security.auth jdk.security.jgss jdk.unsupported jdk.unsupported.desktop jdk.xml.dom" 

Environment Variables:
JAVA_HOME=C:\Program Files\Java\jdk-21.0.12.1
PATH=C:\Program Files\Common Files\Oracle\Java\javapath;C:\WINDOWS\system32;C:\WINDOWS;C:\WINDOWS\System32\Wbem;C:\WINDOWS\System32\WindowsPowerShell\v1.0\;C:\WINDOWS\System32\OpenSSH\;C:\Program Files\nodejs\;C:\Program Files\Git\cmd;C:\Users\Lenovo\AppData\Local\Microsoft\WindowsApps;C:\Users\Lenovo\AppData\Roaming\npm;C:\Users\Lenovo\AppData\Local\Programs\Microsoft VS Code\bin;C:\Users\Lenovo\AppData\Local\Python\bin;C:\Users\Lenovo\.local\bin;C:\Users\Lenovo\AppData\Local\Python\pythoncore-3.14-64;
USERNAME=Lenovo
OS=Windows_NT
PROCESSOR_IDENTIFIER=Intel64 Family 6 Model 142 Stepping 12, GenuineIntel
TMP=C:\Users\Lenovo\AppData\Local\Temp
TEMP=C:\Users\Lenovo\AppData\Local\Temp




Periodic native trim disabled

---------------  S Y S T E M  ---------------

OS:
 Windows 11 , 64 bit Build 26100 (10.0.26100.9444)
OS uptime: 0 days 0:53 hours
Hyper-V role detected

CPU: total 8 (initial active 8) (4 cores per cpu, 2 threads per core) family 6 model 142 stepping 12 microcode 0xde, cx8, cmov, fxsr, ht, mmx, 3dnowpref, sse, sse2, sse3, ssse3, sse4.1, sse4.2, popcnt, lzcnt, tsc, tscinvbit, avx, avx2, aes, erms, clmul, bmi1, bmi2, adx, fma, vzeroupper, clflush, clflushopt, hv, rdtscp, f16c
Processor Information for processor 0
  Max Mhz: 2101, Current Mhz: 2101, Mhz Limit: 2101
Processor Information for processor 1
  Max Mhz: 2101, Current Mhz: 2101, Mhz Limit: 2101
Processor Information for processor 2
  Max Mhz: 2101, Current Mhz: 2101, Mhz Limit: 2101
Processor Information for processor 3
  Max Mhz: 2101, Current Mhz: 1500, Mhz Limit: 2101
Processor Information for processor 4
  Max Mhz: 2101, Current Mhz: 1500, Mhz Limit: 2101
Processor Information for processor 5
  Max Mhz: 2101, Current Mhz: 2101, Mhz Limit: 2101
Processor Information for processor 6
  Max Mhz: 2101, Current Mhz: 1500, Mhz Limit: 2101
Processor Information for processor 7
  Max Mhz: 2101, Current Mhz: 2101, Mhz Limit: 2101

Memory: 4k page, system-wide physical 7965M (421M free)
TotalPageFile size 32541M (AvailPageFile size 354M)
current process WorkingSet (physical memory assigned to process): 272M, peak: 931M
current process commit charge ("private bytes"): 1605M, peak: 1606M

vm_info: OpenJDK 64-Bit Server VM (21.0.12.1+1-LTS) for windows-amd64 JRE (21.0.12.1+1-LTS), built on 2026-08-18T00:00:00Z by "admin" with MS VC++ 17.12 (VS2022)

END.
